DataHora,Rank,Name,Vocation,World,Level,Points
2025-06-28T21:16:02.627Z,"1","Gamesh Odiado","Elder Druid","Elysian","2612","296616804131"
2025-06-28T21:16:02.627Z,"2","Henan Remigio","Royal Paladin","Elysian","2463","248555071794"
2025-06-28T21:16:02.627Z,"3","Evvd","Royal Paladin","Elysian","2383","225075324654"
2025-06-28T21:16:02.627Z,"4","Liam Darkside","Elite Knight","Elysian","2318","207093299410"
2025-06-28T21:16:02.627Z,"5","Henan Corrupto","Master Sorcerer","Elysian","2315","206473629631"
2025-06-28T21:16:02.627Z,"6","Fox Zyn","Elite Knight","Elysian","2299","202010181547"
2025-06-28T21:16:02.627Z,"7","Maath Enterprises","Master Sorcerer","Elysian","2282","197572061043"
2025-06-28T21:16:02.627Z,"8","Son Maki","Master Sorcerer","Elysian","2275","195856941906"
2025-06-28T21:16:02.627Z,"9","Thiisz","Elite Knight","Elysian","2265","193299048942"
2025-06-28T21:16:02.627Z,"10","Suit","Elder Druid","Elysian","2219","181656765801"
2025-06-28T21:16:02.627Z,"11","Henan Corrupt","Elite Knight","Elysian","2189","174397924729"
2025-06-28T21:16:02.627Z,"12","Samu Enterprises","Elder Druid","Elysian","2173","170773316613"
2025-06-28T21:16:02.627Z,"13","Fenz Remains","Royal Paladin","Elysian","2141","163212066819"
2025-06-28T21:16:02.627Z,"14","Kvn Endividado","Elder Druid","Elysian","2119","158184911885"
2025-06-28T21:16:02.627Z,"15","Amaterasu Corrupto","Elite Knight","Elysian","2099","153793872587"
2025-06-28T21:16:02.627Z,"16","Mr Cora","Master Sorcerer","Elysian","2077","148986152014"
2025-06-28T21:16:02.627Z,"17","Carlao Enterprises","Royal Paladin","Elysian","2053","143973817032"
2025-06-28T21:16:02.627Z,"18","Lipaum","Royal Paladin","Elysian","2030","139123261834"
2025-06-28T21:16:02.627Z,"19","Marc Marksman","Royal Paladin","Elysian","2023","137716379981"
2025-06-28T21:16:02.627Z,"20","Tomziin","Elder Druid","Elysian","2012","135461090166"
2025-06-28T21:16:02.627Z,"21","Couto Enterprises","Elite Knight","Elysian","1979","128923374855"
2025-06-28T21:16:02.627Z,"22","Shimanoe Ek","Elite Knight","Elysian","1973","127687650528"
2025-06-28T21:16:02.627Z,"23","Assemblas Corrupto","Master Sorcerer","Elysian","1960","125239087955"
2025-06-28T21:16:02.627Z,"24","Magro Nervoso","Elite Knight","Elysian","1955","124334927782"
2025-06-28T21:16:02.627Z,"25","Javy Imparavel","Master Sorcerer","Elysian","1950","123381852766"
2025-06-28T21:16:02.627Z,"26","Baldish Druid","Elder Druid","Elysian","1930","119529481948"
2025-06-28T21:16:02.627Z,"27","Caiao Sinistro","Elite Knight","Elysian","1925","118535380871"
2025-06-28T21:16:02.627Z,"28","Yan Corrupto","Master Sorcerer","Elysian","1917","117074573741"
2025-06-28T21:16:02.627Z,"29","Homem Aranho","Elite Knight","Elysian","1896","113286720157"
2025-06-28T21:16:02.627Z,"30","Manix Mana","Elder Druid","Elysian","1896","113246516571"
2025-06-28T21:16:02.627Z,"31","Belzebu Sexy","Elder Druid","Elysian","1880","110498468708"
2025-06-28T21:16:02.627Z,"32","Boscato","Royal Paladin","Elysian","1875","109641889336"
2025-06-28T21:16:02.627Z,"33","Be Zin","Master Sorcerer","Elysian","1865","107797821290"
2025-06-28T21:16:02.627Z,"34","Javy Curandeiro","Elder Druid","Elysian","1854","105990935438"
2025-06-28T21:16:02.627Z,"35","Gomez Addams","Royal Paladin","Elysian","1845","104447738237"
2025-06-28T21:16:02.627Z,"36","Super Tonhao","Royal Paladin","Elysian","1845","104379701930"
2025-06-28T21:16:02.627Z,"37","Organismo Torresmo","Master Sorcerer","Elysian","1822","100621850589"
2025-06-28T21:16:02.627Z,"38","Little Corrupto","Royal Paladin","Elysian","1821","100370399263"
2025-06-28T21:16:02.627Z,"39","Sonega","Royal Paladin","Elysian","1807","98129255348"
2025-06-28T21:16:02.627Z,"40","Druid Mastery","Elder Druid","Elysian","1806","97926192132"
2025-06-28T21:16:02.627Z,"41","Lume Nux","Elder Druid","Elysian","1789","95250307206"
2025-06-28T21:16:02.627Z,"42","Jbeto","Elite Knight","Elysian","1789","95195178929"
2025-06-28T21:16:02.627Z,"43","Boromir Perspicaz","Elite Knight","Elysian","1787","94924681036"
2025-06-28T21:16:02.627Z,"44","Sallem Mago","Master Sorcerer","Elysian","1775","93028745845"
2025-06-28T21:16:02.627Z,"45","Thiisz Knight","Elite Knight","Elysian","1770","92243623357"
2025-06-28T21:16:02.627Z,"46","Pee Drin","Royal Paladin","Elysian","1755","89874253691"
2025-06-28T21:16:02.627Z,"47","Myth Seeker","Master Sorcerer","Elysian","1751","89287833460"
2025-06-28T21:16:02.627Z,"48","Joaine","Master Sorcerer","Elysian","1751","89252609150"
2025-06-28T21:16:02.627Z,"49","Marlon Knight","Elite Knight","Elysian","1744","88173757148"
2025-06-28T21:16:02.627Z,"50","Valon Thekis","Elder Druid","Elysian","1737","87049112608"
2025-06-28T21:16:02.627Z,"51","Darkness Hunter","Royal Paladin","Elysian","1734","86683624075"
2025-06-28T21:16:02.627Z,"52","Fester Addams","Elite Knight","Elysian","1727","85658957968"
2025-06-28T21:16:02.627Z,"53","Paladina Revoltada","Royal Paladin","Elysian","1706","82474131676"
2025-06-28T21:16:02.627Z,"54","Esperei Tanto","Elite Knight","Elysian","1685","79463207190"
2025-06-28T21:16:02.627Z,"55","Magenta","Master Sorcerer","Elysian","1653","75082603063"
2025-06-28T21:16:02.627Z,"56","Jc King","Royal Paladin","Elysian","1646","74144787968"
2025-06-28T21:16:02.627Z,"57","Aizen Rhain","Elite Knight","Elysian","1632","72242465709"
2025-06-28T21:16:02.627Z,"58","Mixirica Patrocinado","Elder Druid","Elysian","1630","71961034990"
2025-06-28T21:16:02.627Z,"59","Magadi","Master Sorcerer","Elysian","1629","71852604232"
2025-06-28T21:16:02.627Z,"60","Arcanjo Barakiel","Master Sorcerer","Elysian","1627","71535628643"
2025-06-28T21:16:02.627Z,"61","King Anvin","Master Sorcerer","Elysian","1624","71152094735"
2025-06-28T21:16:02.627Z,"62","Marcinho Sensacao","Master Sorcerer","Elysian","1620","70603605088"
2025-06-28T21:16:02.627Z,"63","Czarek Legend","Elite Knight","Elysian","1616","70197546981"
2025-06-28T21:16:02.627Z,"64","Maadruga","Elite Knight","Elysian","1613","69724300501"
2025-06-28T21:16:02.627Z,"65","Topik","Royal Paladin","Elysian","1608","69165414762"
2025-06-28T21:16:02.627Z,"66","Pai Baguncinha","Elite Knight","Elysian","1597","67730181200"
2025-06-28T21:16:02.627Z,"67","Bullettex","Elite Knight","Elysian","1596","67529473512"
2025-06-28T21:16:02.627Z,"68","Cryptz Patrocinado","Elite Knight","Elysian","1587","66394438528"
2025-06-28T21:16:02.627Z,"69","Warumono","Elite Knight","Elysian","1581","65631480641"
2025-06-28T21:16:02.627Z,"70","Big Wollf","Master Sorcerer","Elysian","1574","64770528844"
2025-06-28T21:16:02.627Z,"71","Jef Ftezyk","Elite Knight","Elysian","1558","62823069692"
2025-06-28T21:16:02.627Z,"72","Dolph Midazz","Elite Knight","Elysian","1557","62741764631"
2025-06-28T21:16:02.627Z,"73","Seunomelongoaqui","Master Sorcerer","Elysian","1555","62426359429"
2025-06-28T21:16:02.627Z,"74","Jogas Royal","Royal Paladin","Elysian","1553","62290515310"
2025-06-28T21:16:02.627Z,"75","Elite Tyrra","Elite Knight","Elysian","1541","60801261216"
2025-06-28T21:16:02.627Z,"76","Tigrin","Elder Druid","Elysian","1541","60797143446"
2025-06-28T21:16:02.627Z,"77","Dartheys on Elysian","Royal Paladin","Elysian","1538","60476011914"
2025-06-28T21:16:02.627Z,"78","Pasta De Dente","Royal Paladin","Elysian","1534","59932937214"
2025-06-28T21:16:02.627Z,"79","Kanna","Royal Paladin","Elysian","1529","59405901529"
2025-06-28T21:16:02.627Z,"80","Joon Af","Elite Knight","Elysian","1526","59010492238"
2025-06-28T21:16:02.627Z,"81","Roshak","Royal Paladin","Elysian","1522","58547391447"
2025-06-28T21:16:02.627Z,"82","Ciel","Elite Knight","Elysian","1520","58344929862"
2025-06-28T21:16:02.627Z,"83","Devilnegro","Royal Paladin","Elysian","1517","57999411721"
2025-06-28T21:16:02.627Z,"84","Blackwave","Master Sorcerer","Elysian","1516","57873688724"
2025-06-28T21:16:02.627Z,"85","Khan Miruku","Master Sorcerer","Elysian","1514","57615937354"
2025-06-28T21:16:02.627Z,"86","Hepta","Elder Druid","Elysian","1507","56904789663"
2025-06-28T21:16:02.627Z,"87","Baldish","Royal Paladin","Elysian","1506","56705265901"
2025-06-28T21:16:02.627Z,"88","Mago Do Pantano","Master Sorcerer","Elysian","1504","56520740136"
2025-06-28T21:16:02.627Z,"89","Rusek","Elder Druid","Elysian","1491","55055512154"
2025-06-28T21:16:02.627Z,"90","Stive","Elite Knight","Elysian","1489","54846721895"
2025-06-28T21:16:02.627Z,"91","Skyress","Master Sorcerer","Elysian","1483","54226342700"
2025-06-28T21:16:02.627Z,"92","Rare Cookie","Elder Druid","Elysian","1480","53812248597"
2025-06-28T21:16:02.627Z,"93","Gobzilla","Elite Knight","Elysian","1478","53639191575"
2025-06-28T21:16:02.627Z,"94","Sir Blocker","Elite Knight","Elysian","1478","53602100909"
2025-06-28T21:16:02.627Z,"95","Razeki","Master Sorcerer","Elysian","1477","53490101111"
2025-06-28T21:16:02.627Z,"96","Acima Bruxao Ceifador","Master Sorcerer","Elysian","1466","52330030827"
2025-06-28T21:16:02.627Z,"97","Kar","Elder Druid","Elysian","1465","52240959511"
2025-06-28T21:16:02.627Z,"98","Japa Paidos Pobres","Elder Druid","Elysian","1459","51619109205"
2025-06-28T21:16:02.627Z,"99","Bellfly","Royal Paladin","Elysian","1458","51527555397"
2025-06-28T21:16:02.627Z,"100","Black Glock","Elite Knight","Elysian","1458","51503099243"
2025-06-28T21:41:43.275Z,"1","Gamesh Odiado","Elder Druid","Elysian","2612","296616804131"
2025-06-28T21:41:43.275Z,"2","Henan Remigio","Royal Paladin","Elysian","2463","248555071794"
2025-06-28T21:41:43.275Z,"3","Evvd","Royal Paladin","Elysian","2383","225075324654"
2025-06-28T21:41:43.275Z,"4","Liam Darkside","Elite Knight","Elysian","2318","207093299410"
2025-06-28T21:41:43.275Z,"5","Henan Corrupto","Master Sorcerer","Elysian","2315","206473629631"
2025-06-28T21:41:43.275Z,"6","Fox Zyn","Elite Knight","Elysian","2299","202010181547"
2025-06-28T21:41:43.275Z,"7","Maath Enterprises","Master Sorcerer","Elysian","2282","197572061043"
2025-06-28T21:41:43.275Z,"8","Son Maki","Master Sorcerer","Elysian","2275","195856941906"
2025-06-28T21:41:43.275Z,"9","Thiisz","Elite Knight","Elysian","2265","193299048942"
2025-06-28T21:41:43.275Z,"10","Suit","Elder Druid","Elysian","2219","181656765801"
2025-06-28T21:41:43.275Z,"11","Henan Corrupt","Elite Knight","Elysian","2189","174397924729"
2025-06-28T21:41:43.275Z,"12","Samu Enterprises","Elder Druid","Elysian","2173","170773316613"
2025-06-28T21:41:43.275Z,"13","Fenz Remains","Royal Paladin","Elysian","2141","163213864040"
2025-06-28T21:41:43.275Z,"14","Kvn Endividado","Elder Druid","Elysian","2119","158240771140"
2025-06-28T21:41:43.275Z,"15","Amaterasu Corrupto","Elite Knight","Elysian","2099","153793872587"
2025-06-28T21:41:43.275Z,"16","Mr Cora","Master Sorcerer","Elysian","2077","148986152014"
2025-06-28T21:41:43.275Z,"17","Carlao Enterprises","Royal Paladin","Elysian","2053","143973817032"
2025-06-28T21:41:43.275Z,"18","Lipaum","Royal Paladin","Elysian","2030","139180052531"
2025-06-28T21:41:43.275Z,"19","Marc Marksman","Royal Paladin","Elysian","2023","137716379981"
2025-06-28T21:41:43.275Z,"20","Tomziin","Elder Druid","Elysian","2012","135461090166"
2025-06-28T21:41:43.275Z,"21","Couto Enterprises","Elite Knight","Elysian","1979","128923374855"
2025-06-28T21:41:43.275Z,"22","Shimanoe Ek","Elite Knight","Elysian","1973","127687650528"
2025-06-28T21:41:43.275Z,"23","Assemblas Corrupto","Master Sorcerer","Elysian","1960","125239087955"
2025-06-28T21:41:43.275Z,"24","Magro Nervoso","Elite Knight","Elysian","1956","124348219783"
2025-06-28T21:41:43.275Z,"25","Javy Imparavel","Master Sorcerer","Elysian","1951","123422633022"
2025-06-28T21:41:43.275Z,"26","Baldish Druid","Elder Druid","Elysian","1930","119529481948"
2025-06-28T21:41:43.275Z,"27","Caiao Sinistro","Elite Knight","Elysian","1925","118535380871"
2025-06-28T21:41:43.275Z,"28","Yan Corrupto","Master Sorcerer","Elysian","1917","117074573741"
2025-06-28T21:41:43.275Z,"29","Homem Aranho","Elite Knight","Elysian","1896","113300796611"
2025-06-28T21:41:43.275Z,"30","Manix Mana","Elder Druid","Elysian","1896","113246516571"
2025-06-28T21:41:43.275Z,"31","Belzebu Sexy","Elder Druid","Elysian","1880","110498468708"
2025-06-28T21:41:43.275Z,"32","Boscato","Royal Paladin","Elysian","1875","109641889336"
2025-06-28T21:41:43.275Z,"33","Be Zin","Master Sorcerer","Elysian","1865","107797821290"
2025-06-28T21:41:43.275Z,"34","Javy Curandeiro","Elder Druid","Elysian","1854","105990935438"
2025-06-28T21:41:43.275Z,"35","Gomez Addams","Royal Paladin","Elysian","1845","104447738237"
2025-06-28T21:41:43.275Z,"36","Super Tonhao","Royal Paladin","Elysian","1845","104379701930"
2025-06-28T21:41:43.275Z,"37","Organismo Torresmo","Master Sorcerer","Elysian","1822","100621850589"
2025-06-28T21:41:43.275Z,"38","Little Corrupto","Royal Paladin","Elysian","1821","100370399263"
2025-06-28T21:41:43.275Z,"39","Sonega","Royal Paladin","Elysian","1807","98129255348"
2025-06-28T21:41:43.275Z,"40","Druid Mastery","Elder Druid","Elysian","1806","97926192132"
2025-06-28T21:41:43.275Z,"41","Lume Nux","Elder Druid","Elysian","1789","95250307206"
2025-06-28T21:41:43.275Z,"42","Jbeto","Elite Knight","Elysian","1789","95195178929"
2025-06-28T21:41:43.275Z,"43","Boromir Perspicaz","Elite Knight","Elysian","1787","94924681036"
2025-06-28T21:41:43.275Z,"44","Sallem Mago","Master Sorcerer","Elysian","1775","93028745845"
2025-06-28T21:41:43.275Z,"45","Thiisz Knight","Elite Knight","Elysian","1770","92243623357"
2025-06-28T21:41:43.275Z,"46","Pee Drin","Royal Paladin","Elysian","1755","89874253691"
2025-06-28T21:41:43.275Z,"47","Myth Seeker","Master Sorcerer","Elysian","1751","89287833460"
2025-06-28T21:41:43.275Z,"48","Joaine","Master Sorcerer","Elysian","1751","89261280530"
2025-06-28T21:41:43.275Z,"49","Marlon Knight","Elite Knight","Elysian","1744","88173757148"
2025-06-28T21:41:43.275Z,"50","Valon Thekis","Elder Druid","Elysian","1737","87049112608"
2025-06-28T21:41:43.275Z,"51","Darkness Hunter","Royal Paladin","Elysian","1734","86683624075"
2025-06-28T21:41:43.275Z,"52","Fester Addams","Elite Knight","Elysian","1727","85658957968"
2025-06-28T21:41:43.275Z,"53","Paladina Revoltada","Royal Paladin","Elysian","1706","82474131676"
2025-06-28T21:41:43.275Z,"54","Esperei Tanto","Elite Knight","Elysian","1685","79463207190"
2025-06-28T21:41:43.275Z,"55","Magenta","Master Sorcerer","Elysian","1653","75082603063"
2025-06-28T21:41:43.275Z,"56","Jc King","Royal Paladin","Elysian","1646","74144904389"
2025-06-28T21:41:43.275Z,"57","Aizen Rhain","Elite Knight","Elysian","1632","72242465709"
2025-06-28T21:41:43.275Z,"58","Mixirica Patrocinado","Elder Druid","Elysian","1630","71961034990"
2025-06-28T21:41:43.275Z,"59","Magadi","Master Sorcerer","Elysian","1629","71852604232"
2025-06-28T21:41:43.275Z,"60","Arcanjo Barakiel","Master Sorcerer","Elysian","1627","71535628643"
2025-06-28T21:41:43.275Z,"61","King Anvin","Master Sorcerer","Elysian","1624","71152094735"
2025-06-28T21:41:43.275Z,"62","Marcinho Sensacao","Master Sorcerer","Elysian","1620","70603605088"
2025-06-28T21:41:43.275Z,"63","Czarek Legend","Elite Knight","Elysian","1616","70197546981"
2025-06-28T21:41:43.275Z,"64","Maadruga","Elite Knight","Elysian","1613","69724300501"
2025-06-28T21:41:43.275Z,"65","Topik","Royal Paladin","Elysian","1608","69165414762"
2025-06-28T21:41:43.275Z,"66","Pai Baguncinha","Elite Knight","Elysian","1597","67730181200"
2025-06-28T21:41:43.275Z,"67","Bullettex","Elite Knight","Elysian","1596","67530020847"
2025-06-28T21:41:43.275Z,"68","Cryptz Patrocinado","Elite Knight","Elysian","1587","66394438528"
2025-06-28T21:41:43.275Z,"69","Warumono","Elite Knight","Elysian","1581","65631480641"
2025-06-28T21:41:43.275Z,"70","Big Wollf","Master Sorcerer","Elysian","1574","64770528844"
2025-06-28T21:41:43.275Z,"71","Jef Ftezyk","Elite Knight","Elysian","1558","62823069692"
2025-06-28T21:41:43.275Z,"72","Dolph Midazz","Elite Knight","Elysian","1557","62741764631"
2025-06-28T21:41:43.275Z,"73","Seunomelongoaqui","Master Sorcerer","Elysian","1555","62426359429"
2025-06-28T21:41:43.275Z,"74","Jogas Royal","Royal Paladin","Elysian","1553","62290515310"
2025-06-28T21:41:43.275Z,"75","Elite Tyrra","Elite Knight","Elysian","1541","60801261216"
2025-06-28T21:41:43.275Z,"76","Tigrin","Elder Druid","Elysian","1541","60797143446"
2025-06-28T21:41:43.275Z,"77","Dartheys on Elysian","Royal Paladin","Elysian","1538","60476011914"
2025-06-28T21:41:43.275Z,"78","Pasta De Dente","Royal Paladin","Elysian","1534","59932937214"
2025-06-28T21:41:43.275Z,"79","Kanna","Royal Paladin","Elysian","1529","59405901529"
2025-06-28T21:41:43.275Z,"80","Joon Af","Elite Knight","Elysian","1526","59043373579"
2025-06-28T21:41:43.275Z,"81","Roshak","Royal Paladin","Elysian","1522","58547580388"
2025-06-28T21:41:43.275Z,"82","Ciel","Elite Knight","Elysian","1520","58344929862"
2025-06-28T21:41:43.275Z,"83","Devilnegro","Royal Paladin","Elysian","1517","57999411721"
2025-06-28T21:41:43.275Z,"84","Blackwave","Master Sorcerer","Elysian","1516","57873808162"
2025-06-28T21:41:43.275Z,"85","Khan Miruku","Master Sorcerer","Elysian","1514","57615937354"
2025-06-28T21:41:43.275Z,"86","Hepta","Elder Druid","Elysian","1507","56904789663"
2025-06-28T21:41:43.275Z,"87","Baldish","Royal Paladin","Elysian","1506","56705265901"
2025-06-28T21:41:43.275Z,"88","Mago Do Pantano","Master Sorcerer","Elysian","1504","56520740136"
2025-06-28T21:41:43.275Z,"89","Rusek","Elder Druid","Elysian","1491","55055512154"
2025-06-28T21:41:43.275Z,"90","Stive","Elite Knight","Elysian","1489","54846721895"
2025-06-28T21:41:43.275Z,"91","Skyress","Master Sorcerer","Elysian","1483","54226342700"
2025-06-28T21:41:43.275Z,"92","Rare Cookie","Elder Druid","Elysian","1480","53812248597"
2025-06-28T21:41:43.275Z,"93","Gobzilla","Elite Knight","Elysian","1478","53639191575"
2025-06-28T21:41:43.275Z,"94","Sir Blocker","Elite Knight","Elysian","1478","53602100909"
2025-06-28T21:41:43.275Z,"95","Razeki","Master Sorcerer","Elysian","1477","53490101111"
2025-06-28T21:41:43.275Z,"96","Acima Bruxao Ceifador","Master Sorcerer","Elysian","1466","52330030827"
2025-06-28T21:41:43.275Z,"97","Kar","Elder Druid","Elysian","1465","52240959511"
2025-06-28T21:41:43.275Z,"98","Japa Paidos Pobres","Elder Druid","Elysian","1459","51619109205"
2025-06-28T21:41:43.275Z,"99","Bellfly","Royal Paladin","Elysian","1458","51527555397"
2025-06-28T21:41:43.275Z,"100","Black Glock","Elite Knight","Elysian","1458","51503099243"
2025-06-28T21:54:34.078Z,"1","Gamesh Odiado","Elder Druid","Elysian","2612","296616804131"
2025-06-28T21:54:34.078Z,"2","Henan Remigio","Royal Paladin","Elysian","2463","248555071794"
2025-06-28T21:54:34.078Z,"3","Evvd","Royal Paladin","Elysian","2383","225075324654"
2025-06-28T21:54:34.078Z,"4","Liam Darkside","Elite Knight","Elysian","2318","207093299410"
2025-06-28T21:54:34.078Z,"5","Henan Corrupto","Master Sorcerer","Elysian","2315","206473629631"
2025-06-28T21:54:34.078Z,"6","Fox Zyn","Elite Knight","Elysian","2299","202010181547"
2025-06-28T21:54:34.078Z,"7","Maath Enterprises","Master Sorcerer","Elysian","2282","197572061043"
2025-06-28T21:54:34.078Z,"8","Son Maki","Master Sorcerer","Elysian","2275","195856941906"
2025-06-28T21:54:34.078Z,"9","Thiisz","Elite Knight","Elysian","2265","193299048942"
2025-06-28T21:54:34.078Z,"10","Suit","Elder Druid","Elysian","2219","181656765801"
2025-06-28T21:54:34.078Z,"11","Henan Corrupt","Elite Knight","Elysian","2189","174397924729"
2025-06-28T21:54:34.078Z,"12","Samu Enterprises","Elder Druid","Elysian","2173","170773316613"
2025-06-28T21:54:34.078Z,"13","Fenz Remains","Royal Paladin","Elysian","2141","163214039953"
2025-06-28T21:54:34.078Z,"14","Kvn Endividado","Elder Druid","Elysian","2119","158260870856"
2025-06-28T21:54:34.078Z,"15","Amaterasu Corrupto","Elite Knight","Elysian","2099","153793872587"
2025-06-28T21:54:34.078Z,"16","Mr Cora","Master Sorcerer","Elysian","2077","148986152014"
2025-06-28T21:54:34.078Z,"17","Carlao Enterprises","Royal Paladin","Elysian","2053","143973817032"
2025-06-28T21:54:34.078Z,"18","Lipaum","Royal Paladin","Elysian","2031","139220544839"
2025-06-28T21:54:34.078Z,"19","Marc Marksman","Royal Paladin","Elysian","2023","137716379981"
2025-06-28T21:54:34.078Z,"20","Tomziin","Elder Druid","Elysian","2012","135461090166"
2025-06-28T21:54:34.078Z,"21","Couto Enterprises","Elite Knight","Elysian","1979","128923374855"
2025-06-28T21:54:34.078Z,"22","Shimanoe Ek","Elite Knight","Elysian","1973","127687650528"
2025-06-28T21:54:34.078Z,"23","Assemblas Corrupto","Master Sorcerer","Elysian","1960","125239087955"
2025-06-28T21:54:34.078Z,"24","Magro Nervoso","Elite Knight","Elysian","1956","124352065588"
2025-06-28T21:54:34.078Z,"25","Javy Imparavel","Master Sorcerer","Elysian","1951","123439812850"
2025-06-28T21:54:34.078Z,"26","Baldish Druid","Elder Druid","Elysian","1930","119529481948"
2025-06-28T21:54:34.078Z,"27","Caiao Sinistro","Elite Knight","Elysian","1925","118535380871"
2025-06-28T21:54:34.078Z,"28","Yan Corrupto","Master Sorcerer","Elysian","1917","117074573741"
2025-06-28T21:54:34.078Z,"29","Homem Aranho","Elite Knight","Elysian","1896","113303239264"
2025-06-28T21:54:34.078Z,"30","Manix Mana","Elder Druid","Elysian","1896","113246516571"
2025-06-28T21:54:34.078Z,"31","Belzebu Sexy","Elder Druid","Elysian","1880","110498468708"
2025-06-28T21:54:34.078Z,"32","Boscato","Royal Paladin","Elysian","1875","109641889336"
2025-06-28T21:54:34.078Z,"33","Be Zin","Master Sorcerer","Elysian","1865","107797821290"
2025-06-28T21:54:34.078Z,"34","Javy Curandeiro","Elder Druid","Elysian","1854","105990935438"
2025-06-28T21:54:34.078Z,"35","Gomez Addams","Royal Paladin","Elysian","1845","104447738237"
2025-06-28T21:54:34.078Z,"36","Super Tonhao","Royal Paladin","Elysian","1845","104379701930"
2025-06-28T21:54:34.078Z,"37","Organismo Torresmo","Master Sorcerer","Elysian","1822","100621850589"
2025-06-28T21:54:34.078Z,"38","Little Corrupto","Royal Paladin","Elysian","1821","100370399263"
2025-06-28T21:54:34.078Z,"39","Sonega","Royal Paladin","Elysian","1807","98129255348"
2025-06-28T21:54:34.078Z,"40","Druid Mastery","Elder Druid","Elysian","1806","97926192132"
2025-06-28T21:54:34.078Z,"41","Lume Nux","Elder Druid","Elysian","1789","95250720111"
2025-06-28T21:54:34.078Z,"42","Jbeto","Elite Knight","Elysian","1789","95195178929"
2025-06-28T21:54:34.078Z,"43","Boromir Perspicaz","Elite Knight","Elysian","1787","94924681036"
2025-06-28T21:54:34.078Z,"44","Sallem Mago","Master Sorcerer","Elysian","1775","93028745845"
2025-06-28T21:54:34.078Z,"45","Thiisz Knight","Elite Knight","Elysian","1770","92243623357"
2025-06-28T21:54:34.078Z,"46","Pee Drin","Royal Paladin","Elysian","1755","89874253691"
2025-06-28T21:54:34.078Z,"47","Myth Seeker","Master Sorcerer","Elysian","1751","89287833460"
2025-06-28T21:54:34.078Z,"48","Joaine","Master Sorcerer","Elysian","1751","89265855216"
2025-06-28T21:54:34.078Z,"49","Marlon Knight","Elite Knight","Elysian","1744","88173757148"
2025-06-28T21:54:34.078Z,"50","Valon Thekis","Elder Druid","Elysian","1737","87049112608"
2025-06-28T21:54:34.078Z,"51","Darkness Hunter","Royal Paladin","Elysian","1734","86683624075"
2025-06-28T21:54:34.078Z,"52","Fester Addams","Elite Knight","Elysian","1727","85658957968"
2025-06-28T21:54:34.078Z,"53","Paladina Revoltada","Royal Paladin","Elysian","1706","82474131676"
2025-06-28T21:54:34.078Z,"54","Esperei Tanto","Elite Knight","Elysian","1685","79463207190"
2025-06-28T21:54:34.078Z,"55","Magenta","Master Sorcerer","Elysian","1653","75082603063"
2025-06-28T21:54:34.078Z,"56","Jc King","Royal Paladin","Elysian","1646","74144906330"
2025-06-28T21:54:34.078Z,"57","Aizen Rhain","Elite Knight","Elysian","1632","72242465709"
2025-06-28T21:54:34.078Z,"58","Mixirica Patrocinado","Elder Druid","Elysian","1630","71961034990"
2025-06-28T21:54:34.078Z,"59","Magadi","Master Sorcerer","Elysian","1629","71852604232"
2025-06-28T21:54:34.078Z,"60","Arcanjo Barakiel","Master Sorcerer","Elysian","1627","71535628643"
2025-06-28T21:54:34.078Z,"61","King Anvin","Master Sorcerer","Elysian","1624","71152094735"
2025-06-28T21:54:34.078Z,"62","Marcinho Sensacao","Master Sorcerer","Elysian","1620","70603605088"
2025-06-28T21:54:34.078Z,"63","Czarek Legend","Elite Knight","Elysian","1616","70197546981"
2025-06-28T21:54:34.078Z,"64","Maadruga","Elite Knight","Elysian","1613","69724300501"
2025-06-28T21:54:34.078Z,"65","Topik","Royal Paladin","Elysian","1608","69165414762"
2025-06-28T21:54:34.078Z,"66","Pai Baguncinha","Elite Knight","Elysian","1597","67730181200"
2025-06-28T21:54:34.078Z,"67","Bullettex","Elite Knight","Elysian","1596","67530239172"
2025-06-28T21:54:34.078Z,"68","Cryptz Patrocinado","Elite Knight","Elysian","1587","66394438528"
2025-06-28T21:54:34.078Z,"69","Warumono","Elite Knight","Elysian","1581","65631480641"
2025-06-28T21:54:34.078Z,"70","Big Wollf","Master Sorcerer","Elysian","1574","64770528844"
2025-06-28T21:54:34.078Z,"71","Jef Ftezyk","Elite Knight","Elysian","1558","62823069692"
2025-06-28T21:54:34.078Z,"72","Dolph Midazz","Elite Knight","Elysian","1557","62741764631"
2025-06-28T21:54:34.078Z,"73","Seunomelongoaqui","Master Sorcerer","Elysian","1555","62426359429"
2025-06-28T21:54:34.078Z,"74","Jogas Royal","Royal Paladin","Elysian","1553","62290515310"
2025-06-28T21:54:34.078Z,"75","Elite Tyrra","Elite Knight","Elysian","1541","60801261216"
2025-06-28T21:54:34.078Z,"76","Tigrin","Elder Druid","Elysian","1541","60797143446"
2025-06-28T21:54:34.078Z,"77","Dartheys on Elysian","Royal Paladin","Elysian","1538","60476011914"
2025-06-28T21:54:34.078Z,"78","Pasta De Dente","Royal Paladin","Elysian","1534","59932937214"
2025-06-28T21:54:34.078Z,"79","Kanna","Royal Paladin","Elysian","1529","59405901529"
2025-06-28T21:54:34.078Z,"80","Joon Af","Elite Knight","Elysian","1526","59061813844"
2025-06-28T21:54:34.078Z,"81","Roshak","Royal Paladin","Elysian","1522","58547723511"
2025-06-28T21:54:34.078Z,"82","Ciel","Elite Knight","Elysian","1520","58344929862"
2025-06-28T21:54:34.078Z,"83","Devilnegro","Royal Paladin","Elysian","1517","57999411721"
2025-06-28T21:54:34.078Z,"84","Blackwave","Master Sorcerer","Elysian","1516","57875064424"
2025-06-28T21:54:34.078Z,"85","Khan Miruku","Master Sorcerer","Elysian","1514","57616151594"
2025-06-28T21:54:34.078Z,"86","Hepta","Elder Druid","Elysian","1507","56904789663"
2025-06-28T21:54:34.078Z,"87","Baldish","Royal Paladin","Elysian","1506","56705265901"
2025-06-28T21:54:34.078Z,"88","Mago Do Pantano","Master Sorcerer","Elysian","1504","56520740136"
2025-06-28T21:54:34.078Z,"89","Rusek","Elder Druid","Elysian","1491","55055512154"
2025-06-28T21:54:34.078Z,"90","Stive","Elite Knight","Elysian","1489","54846721895"
2025-06-28T21:54:34.078Z,"91","Skyress","Master Sorcerer","Elysian","1483","54226342700"
2025-06-28T21:54:34.078Z,"92","Rare Cookie","Elder Druid","Elysian","1480","53812248597"
2025-06-28T21:54:34.078Z,"93","Gobzilla","Elite Knight","Elysian","1478","53639191575"
2025-06-28T21:54:34.078Z,"94","Sir Blocker","Elite Knight","Elysian","1478","53602100909"
2025-06-28T21:54:34.078Z,"95","Razeki","Master Sorcerer","Elysian","1477","53490101111"
2025-06-28T21:54:34.078Z,"96","Acima Bruxao Ceifador","Master Sorcerer","Elysian","1466","52330030827"
2025-06-28T21:54:34.078Z,"97","Kar","Elder Druid","Elysian","1465","52240959511"
2025-06-28T21:54:34.078Z,"98","Japa Paidos Pobres","Elder Druid","Elysian","1459","51619109205"
2025-06-28T21:54:34.078Z,"99","Bellfly","Royal Paladin","Elysian","1458","51527555397"
2025-06-28T21:54:34.078Z,"100","Black Glock","Elite Knight","Elysian","1458","51503099243"
2025-06-28T22:04:02.493Z,"1","Gamesh Odiado","Elder Druid","Elysian","2612","296616804131"
2025-06-28T22:04:02.493Z,"2","Henan Remigio","Royal Paladin","Elysian","2463","248555071794"
2025-06-28T22:04:02.493Z,"3","Evvd","Royal Paladin","Elysian","2383","225075324654"
2025-06-28T22:04:02.493Z,"4","Liam Darkside","Elite Knight","Elysian","2318","207093299410"
2025-06-28T22:04:02.493Z,"5","Henan Corrupto","Master Sorcerer","Elysian","2315","206473629631"
2025-06-28T22:04:02.493Z,"6","Fox Zyn","Elite Knight","Elysian","2299","202010181547"
2025-06-28T22:04:02.493Z,"7","Maath Enterprises","Master Sorcerer","Elysian","2282","197572061043"
2025-06-28T22:04:02.493Z,"8","Son Maki","Master Sorcerer","Elysian","2275","195856941906"
2025-06-28T22:04:02.493Z,"9","Thiisz","Elite Knight","Elysian","2265","193299048942"
2025-06-28T22:04:02.493Z,"10","Suit","Elder Druid","Elysian","2219","181656765801"
2025-06-28T22:04:02.493Z,"11","Henan Corrupt","Elite Knight","Elysian","2189","174397924729"
2025-06-28T22:04:02.493Z,"12","Samu Enterprises","Elder Druid","Elysian","2173","170773316613"
2025-06-28T22:04:02.493Z,"13","Fenz Remains","Royal Paladin","Elysian","2141","163214039953"
2025-06-28T22:04:02.493Z,"14","Kvn Endividado","Elder Druid","Elysian","2119","158260870856"
2025-06-28T22:04:02.493Z,"15","Amaterasu Corrupto","Elite Knight","Elysian","2099","153793872587"
2025-06-28T22:04:02.493Z,"16","Mr Cora","Master Sorcerer","Elysian","2077","148986152014"
2025-06-28T22:04:02.493Z,"17","Carlao Enterprises","Royal Paladin","Elysian","2053","143973817032"
2025-06-28T22:04:02.493Z,"18","Lipaum","Royal Paladin","Elysian","2031","139220544839"
2025-06-28T22:04:02.493Z,"19","Marc Marksman","Royal Paladin","Elysian","2023","137716379981"
2025-06-28T22:04:02.493Z,"20","Tomziin","Elder Druid","Elysian","2012","135461090166"
2025-06-28T22:04:02.493Z,"21","Couto Enterprises","Elite Knight","Elysian","1979","128923374855"
2025-06-28T22:04:02.493Z,"22","Shimanoe Ek","Elite Knight","Elysian","1973","127687650528"
2025-06-28T22:04:02.493Z,"23","Assemblas Corrupto","Master Sorcerer","Elysian","1960","125239087955"
2025-06-28T22:04:02.493Z,"24","Magro Nervoso","Elite Knight","Elysian","1956","124352065588"
2025-06-28T22:04:02.493Z,"25","Javy Imparavel","Master Sorcerer","Elysian","1951","123439812850"
2025-06-28T22:04:02.493Z,"26","Baldish Druid","Elder Druid","Elysian","1930","119529481948"
2025-06-28T22:04:02.493Z,"27","Caiao Sinistro","Elite Knight","Elysian","1925","118535380871"
2025-06-28T22:04:02.493Z,"28","Yan Corrupto","Master Sorcerer","Elysian","1917","117074573741"
2025-06-28T22:04:02.493Z,"29","Homem Aranho","Elite Knight","Elysian","1896","113303239264"
2025-06-28T22:04:02.493Z,"30","Manix Mana","Elder Druid","Elysian","1896","113246516571"
2025-06-28T22:04:02.493Z,"31","Belzebu Sexy","Elder Druid","Elysian","1880","110498468708"
2025-06-28T22:04:02.493Z,"32","Boscato","Royal Paladin","Elysian","1875","109641889336"
2025-06-28T22:04:02.493Z,"33","Be Zin","Master Sorcerer","Elysian","1865","107797821290"
2025-06-28T22:04:02.493Z,"34","Javy Curandeiro","Elder Druid","Elysian","1854","105990935438"
2025-06-28T22:04:02.493Z,"35","Gomez Addams","Royal Paladin","Elysian","1845","104447738237"
2025-06-28T22:04:02.493Z,"36","Super Tonhao","Royal Paladin","Elysian","1845","104379701930"
2025-06-28T22:04:02.493Z,"37","Organismo Torresmo","Master Sorcerer","Elysian","1822","100621850589"
2025-06-28T22:04:02.493Z,"38","Little Corrupto","Royal Paladin","Elysian","1821","100370399263"
2025-06-28T22:04:02.493Z,"39","Sonega","Royal Paladin","Elysian","1807","98129255348"
2025-06-28T22:04:02.493Z,"40","Druid Mastery","Elder Druid","Elysian","1806","97926192132"
2025-06-28T22:04:02.493Z,"41","Lume Nux","Elder Druid","Elysian","1789","95250720111"
2025-06-28T22:04:02.493Z,"42","Jbeto","Elite Knight","Elysian","1789","95195178929"
2025-06-28T22:04:02.493Z,"43","Boromir Perspicaz","Elite Knight","Elysian","1787","94924681036"
2025-06-28T22:04:02.493Z,"44","Sallem Mago","Master Sorcerer","Elysian","1775","93028745845"
2025-06-28T22:04:02.493Z,"45","Thiisz Knight","Elite Knight","Elysian","1770","92243623357"
2025-06-28T22:04:02.493Z,"46","Pee Drin","Royal Paladin","Elysian","1755","89874253691"
2025-06-28T22:04:02.493Z,"47","Myth Seeker","Master Sorcerer","Elysian","1751","89287833460"
2025-06-28T22:04:02.493Z,"48","Joaine","Master Sorcerer","Elysian","1751","89265855216"
2025-06-28T22:04:02.493Z,"49","Marlon Knight","Elite Knight","Elysian","1744","88173757148"
2025-06-28T22:04:02.493Z,"50","Valon Thekis","Elder Druid","Elysian","1737","87049112608"
2025-06-28T22:04:02.493Z,"51","Darkness Hunter","Royal Paladin","Elysian","1734","86683624075"
2025-06-28T22:04:02.493Z,"52","Fester Addams","Elite Knight","Elysian","1727","85658957968"
2025-06-28T22:04:02.493Z,"53","Paladina Revoltada","Royal Paladin","Elysian","1706","82474131676"
2025-06-28T22:04:02.493Z,"54","Esperei Tanto","Elite Knight","Elysian","1685","79463207190"
2025-06-28T22:04:02.493Z,"55","Magenta","Master Sorcerer","Elysian","1653","75082603063"
2025-06-28T22:04:02.493Z,"56","Jc King","Royal Paladin","Elysian","1646","74144906330"
2025-06-28T22:04:02.493Z,"57","Aizen Rhain","Elite Knight","Elysian","1632","72242465709"
2025-06-28T22:04:02.493Z,"58","Mixirica Patrocinado","Elder Druid","Elysian","1630","71961034990"
2025-06-28T22:04:02.493Z,"59","Magadi","Master Sorcerer","Elysian","1629","71852604232"
2025-06-28T22:04:02.493Z,"60","Arcanjo Barakiel","Master Sorcerer","Elysian","1627","71535628643"
2025-06-28T22:04:02.493Z,"61","King Anvin","Master Sorcerer","Elysian","1624","71152094735"
2025-06-28T22:04:02.493Z,"62","Marcinho Sensacao","Master Sorcerer","Elysian","1620","70603605088"
2025-06-28T22:04:02.493Z,"63","Czarek Legend","Elite Knight","Elysian","1616","70197546981"
2025-06-28T22:04:02.493Z,"64","Maadruga","Elite Knight","Elysian","1613","69724300501"
2025-06-28T22:04:02.493Z,"65","Topik","Royal Paladin","Elysian","1608","69165414762"
2025-06-28T22:04:02.493Z,"66","Pai Baguncinha","Elite Knight","Elysian","1597","67730181200"
2025-06-28T22:04:02.493Z,"67","Bullettex","Elite Knight","Elysian","1596","67530239172"
2025-06-28T22:04:02.493Z,"68","Cryptz Patrocinado","Elite Knight","Elysian","1587","66394438528"
2025-06-28T22:04:02.493Z,"69","Warumono","Elite Knight","Elysian","1581","65631480641"
2025-06-28T22:04:02.493Z,"70","Big Wollf","Master Sorcerer","Elysian","1574","64770528844"
2025-06-28T22:04:02.493Z,"71","Jef Ftezyk","Elite Knight","Elysian","1558","62823069692"
2025-06-28T22:04:02.493Z,"72","Dolph Midazz","Elite Knight","Elysian","1557","62741764631"
2025-06-28T22:04:02.493Z,"73","Seunomelongoaqui","Master Sorcerer","Elysian","1555","62426359429"
2025-06-28T22:04:02.493Z,"74","Jogas Royal","Royal Paladin","Elysian","1553","62290515310"
2025-06-28T22:04:02.493Z,"75","Elite Tyrra","Elite Knight","Elysian","1541","60801261216"
2025-06-28T22:04:02.493Z,"76","Tigrin","Elder Druid","Elysian","1541","60797143446"
2025-06-28T22:04:02.493Z,"77","Dartheys on Elysian","Royal Paladin","Elysian","1538","60476011914"
2025-06-28T22:04:02.493Z,"78","Pasta De Dente","Royal Paladin","Elysian","1534","59932937214"
2025-06-28T22:04:02.493Z,"79","Kanna","Royal Paladin","Elysian","1529","59405901529"
2025-06-28T22:04:02.493Z,"80","Joon Af","Elite Knight","Elysian","1526","59061813844"
2025-06-28T22:04:02.493Z,"81","Roshak","Royal Paladin","Elysian","1522","58547723511"
2025-06-28T22:04:02.493Z,"82","Ciel","Elite Knight","Elysian","1520","58344929862"
2025-06-28T22:04:02.493Z,"83","Devilnegro","Royal Paladin","Elysian","1517","57999411721"
2025-06-28T22:04:02.493Z,"84","Blackwave","Master Sorcerer","Elysian","1516","57875064424"
2025-06-28T22:04:02.493Z,"85","Khan Miruku","Master Sorcerer","Elysian","1514","57616151594"
2025-06-28T22:04:02.493Z,"86","Hepta","Elder Druid","Elysian","1507","56904789663"
2025-06-28T22:04:02.493Z,"87","Baldish","Royal Paladin","Elysian","1506","56705265901"
2025-06-28T22:04:02.493Z,"88","Mago Do Pantano","Master Sorcerer","Elysian","1504","56520740136"
2025-06-28T22:04:02.493Z,"89","Rusek","Elder Druid","Elysian","1491","55055512154"
2025-06-28T22:04:02.493Z,"90","Stive","Elite Knight","Elysian","1489","54846721895"
2025-06-28T22:04:02.493Z,"91","Skyress","Master Sorcerer","Elysian","1483","54226342700"
2025-06-28T22:04:02.493Z,"92","Rare Cookie","Elder Druid","Elysian","1480","53812248597"
2025-06-28T22:04:02.493Z,"93","Gobzilla","Elite Knight","Elysian","1478","53639191575"
2025-06-28T22:04:02.493Z,"94","Sir Blocker","Elite Knight","Elysian","1478","53602100909"
2025-06-28T22:04:02.493Z,"95","Razeki","Master Sorcerer","Elysian","1477","53490101111"
2025-06-28T22:04:02.493Z,"96","Acima Bruxao Ceifador","Master Sorcerer","Elysian","1466","52330030827"
2025-06-28T22:04:02.493Z,"97","Kar","Elder Druid","Elysian","1465","52240959511"
2025-06-28T22:04:02.493Z,"98","Japa Paidos Pobres","Elder Druid","Elysian","1459","51619109205"
2025-06-28T22:04:02.493Z,"99","Bellfly","Royal Paladin","Elysian","1458","51527555397"
2025-06-28T22:04:02.493Z,"100","Black Glock","Elite Knight","Elysian","1458","51503099243"
2025-06-28T22:27:44.406Z,"1","Gamesh Odiado","Elder Druid","Elysian","2612","296651628195"
2025-06-28T22:27:44.406Z,"2","Henan Remigio","Royal Paladin","Elysian","2463","248555071794"
2025-06-28T22:27:44.406Z,"3","Evvd","Royal Paladin","Elysian","2383","225126143023"
2025-06-28T22:27:44.406Z,"4","Liam Darkside","Elite Knight","Elysian","2318","207093299410"
2025-06-28T22:27:44.406Z,"5","Henan Corrupto","Master Sorcerer","Elysian","2316","206524728807"
2025-06-28T22:27:44.406Z,"6","Fox Zyn","Elite Knight","Elysian","2299","202010181547"
2025-06-28T22:27:44.406Z,"7","Maath Enterprises","Master Sorcerer","Elysian","2282","197572061043"
2025-06-28T22:27:44.406Z,"8","Son Maki","Master Sorcerer","Elysian","2275","195856941906"
2025-06-28T22:27:44.406Z,"9","Thiisz","Elite Knight","Elysian","2265","193299048942"
2025-06-28T22:27:44.406Z,"10","Suit","Elder Druid","Elysian","2219","181656765801"
2025-06-28T22:27:44.406Z,"11","Henan Corrupt","Elite Knight","Elysian","2189","174398820292"
2025-06-28T22:27:44.406Z,"12","Samu Enterprises","Elder Druid","Elysian","2173","170773316613"
2025-06-28T22:27:44.406Z,"13","Fenz Remains","Royal Paladin","Elysian","2141","163214072009"
2025-06-28T22:27:44.406Z,"14","Kvn Endividado","Elder Druid","Elysian","2119","158270039269"
2025-06-28T22:27:44.406Z,"15","Amaterasu Corrupto","Elite Knight","Elysian","2099","153793872587"
2025-06-28T22:27:44.406Z,"16","Mr Cora","Master Sorcerer","Elysian","2077","148986152014"
2025-06-28T22:27:44.406Z,"17","Carlao Enterprises","Royal Paladin","Elysian","2053","143973817032"
2025-06-28T22:27:44.406Z,"18","Lipaum","Royal Paladin","Elysian","2031","139227352919"
2025-06-28T22:27:44.406Z,"19","Marc Marksman","Royal Paladin","Elysian","2023","137716379981"
2025-06-28T22:27:44.406Z,"20","Tomziin","Elder Druid","Elysian","2012","135461090166"
2025-06-28T22:27:44.406Z,"21","Couto Enterprises","Elite Knight","Elysian","1979","128923374855"
2025-06-28T22:27:44.406Z,"22","Shimanoe Ek","Elite Knight","Elysian","1973","127687650528"
2025-06-28T22:27:44.406Z,"23","Assemblas Corrupto","Master Sorcerer","Elysian","1960","125239087955"
2025-06-28T22:27:44.406Z,"24","Magro Nervoso","Elite Knight","Elysian","1956","124359841859"
2025-06-28T22:27:44.406Z,"25","Javy Imparavel","Master Sorcerer","Elysian","1951","123446993879"
2025-06-28T22:27:44.406Z,"26","Baldish Druid","Elder Druid","Elysian","1930","119529481948"
2025-06-28T22:27:44.406Z,"27","Caiao Sinistro","Elite Knight","Elysian","1925","118535380871"
2025-06-28T22:27:44.406Z,"28","Yan Corrupto","Master Sorcerer","Elysian","1917","117074731474"
2025-06-28T22:27:44.406Z,"29","Homem Aranho","Elite Knight","Elysian","1896","113311878643"
2025-06-28T22:27:44.406Z,"30","Manix Mana","Elder Druid","Elysian","1896","113246516571"
2025-06-28T22:27:44.406Z,"31","Belzebu Sexy","Elder Druid","Elysian","1880","110498468708"
2025-06-28T22:27:44.406Z,"32","Boscato","Royal Paladin","Elysian","1875","109641889336"
2025-06-28T22:27:44.406Z,"33","Be Zin","Master Sorcerer","Elysian","1865","107797821290"
2025-06-28T22:27:44.406Z,"34","Javy Curandeiro","Elder Druid","Elysian","1854","105990935438"
2025-06-28T22:27:44.406Z,"35","Gomez Addams","Royal Paladin","Elysian","1845","104447738237"
2025-06-28T22:27:44.406Z,"36","Super Tonhao","Royal Paladin","Elysian","1845","104379701930"
2025-06-28T22:27:44.406Z,"37","Organismo Torresmo","Master Sorcerer","Elysian","1822","100621850589"
2025-06-28T22:27:44.406Z,"38","Little Corrupto","Royal Paladin","Elysian","1821","100370399263"
2025-06-28T22:27:44.406Z,"39","Sonega","Royal Paladin","Elysian","1807","98129255348"
2025-06-28T22:27:44.406Z,"40","Druid Mastery","Elder Druid","Elysian","1806","97926192132"
2025-06-28T22:27:44.406Z,"41","Lume Nux","Elder Druid","Elysian","1789","95251201919"
2025-06-28T22:27:44.406Z,"42","Jbeto","Elite Knight","Elysian","1789","95195178929"
2025-06-28T22:27:44.406Z,"43","Boromir Perspicaz","Elite Knight","Elysian","1787","94924681036"
2025-06-28T22:27:44.406Z,"44","Sallem Mago","Master Sorcerer","Elysian","1775","93028745845"
2025-06-28T22:27:44.406Z,"45","Kevao","Elite Knight","Elysian","1771","92294411185"
2025-06-28T22:27:44.406Z,"46","Pee Drin","Royal Paladin","Elysian","1755","89874253691"
2025-06-28T22:27:44.406Z,"47","Myth Seeker","Master Sorcerer","Elysian","1751","89287833460"
2025-06-28T22:27:44.406Z,"48","Joaine","Master Sorcerer","Elysian","1751","89266103014"
2025-06-28T22:27:44.406Z,"49","Marlon Knight","Elite Knight","Elysian","1744","88173757148"
2025-06-28T22:27:44.406Z,"50","Valon Thekis","Elder Druid","Elysian","1737","87049112608"
2025-06-28T22:27:44.406Z,"51","Darkness Hunter","Royal Paladin","Elysian","1734","86683624075"
2025-06-28T22:27:44.406Z,"52","Fester Addams","Elite Knight","Elysian","1727","85658957968"
2025-06-28T22:27:44.406Z,"53","Paladina Revoltada","Royal Paladin","Elysian","1706","82474131676"
2025-06-28T22:27:44.406Z,"54","Esperei Tanto","Elite Knight","Elysian","1685","79463207190"
2025-06-28T22:27:44.406Z,"55","Magenta","Master Sorcerer","Elysian","1653","75082603063"
2025-06-28T22:27:44.406Z,"56","Jc King","Royal Paladin","Elysian","1646","74144907669"
2025-06-28T22:27:44.406Z,"57","Aizen Rhain","Elite Knight","Elysian","1632","72242465709"
2025-06-28T22:27:44.406Z,"58","Mixirica Patrocinado","Elder Druid","Elysian","1630","71961034990"
2025-06-28T22:27:44.406Z,"59","Magadi","Master Sorcerer","Elysian","1629","71852604232"
2025-06-28T22:27:44.406Z,"60","Arcanjo Barakiel","Master Sorcerer","Elysian","1627","71535628643"
2025-06-28T22:27:44.406Z,"61","King Anvin","Master Sorcerer","Elysian","1624","71152094735"
2025-06-28T22:27:44.406Z,"62","Marcinho Sensacao","Master Sorcerer","Elysian","1620","70603605088"
2025-06-28T22:27:44.406Z,"63","Czarek Legend","Elite Knight","Elysian","1616","70197546981"
2025-06-28T22:27:44.406Z,"64","Maadruga","Elite Knight","Elysian","1613","69724300501"
2025-06-28T22:27:44.406Z,"65","Topik","Royal Paladin","Elysian","1608","69165414762"
2025-06-28T22:27:44.406Z,"66","Pai Baguncinha","Elite Knight","Elysian","1597","67730181200"
2025-06-28T22:27:44.406Z,"67","Bullettex","Elite Knight","Elysian","1596","67530501474"
2025-06-28T22:27:44.406Z,"68","Cryptz Patrocinado","Elite Knight","Elysian","1587","66394438528"
2025-06-28T22:27:44.406Z,"69","Warumono","Elite Knight","Elysian","1581","65631480641"
2025-06-28T22:27:44.406Z,"70","Big Wollf","Master Sorcerer","Elysian","1574","64770528844"
2025-06-28T22:27:44.406Z,"71","Jef Ftezyk","Elite Knight","Elysian","1558","62823069692"
2025-06-28T22:27:44.406Z,"72","Dolph Midazz","Elite Knight","Elysian","1557","62741764631"
2025-06-28T22:27:44.406Z,"73","Seunomelongoaqui","Master Sorcerer","Elysian","1555","62426359429"
2025-06-28T22:27:44.406Z,"74","Jogas Royal","Royal Paladin","Elysian","1553","62290515310"
2025-06-28T22:27:44.406Z,"75","Elite Tyrra","Elite Knight","Elysian","1541","60801261216"
2025-06-28T22:27:44.406Z,"76","Tigrin","Elder Druid","Elysian","1541","60797143446"
2025-06-28T22:27:44.406Z,"77","Dartheys on Elysian","Royal Paladin","Elysian","1538","60476011914"
2025-06-28T22:27:44.406Z,"78","Pasta De Dente","Royal Paladin","Elysian","1534","59932937214"
2025-06-28T22:27:44.406Z,"79","Kanna","Royal Paladin","Elysian","1529","59405901529"
2025-06-28T22:27:44.406Z,"80","Joon Af","Elite Knight","Elysian","1526","59067749340"
2025-06-28T22:27:44.406Z,"81","Roshak","Royal Paladin","Elysian","1522","58547827100"
2025-06-28T22:27:44.406Z,"82","Ciel","Elite Knight","Elysian","1520","58344929862"
2025-06-28T22:27:44.406Z,"83","Devilnegro","Royal Paladin","Elysian","1517","57999411721"
2025-06-28T22:27:44.406Z,"84","Blackwave","Master Sorcerer","Elysian","1516","57881499948"
2025-06-28T22:27:44.406Z,"85","Khan Miruku","Master Sorcerer","Elysian","1514","57616151594"
2025-06-28T22:27:44.406Z,"86","Hepta","Elder Druid","Elysian","1507","56904789663"
2025-06-28T22:27:44.406Z,"87","Baldish","Royal Paladin","Elysian","1506","56705265901"
2025-06-28T22:27:44.406Z,"88","Mago Do Pantano","Master Sorcerer","Elysian","1504","56520740136"
2025-06-28T22:27:44.406Z,"89","Rusek","Elder Druid","Elysian","1491","55055512154"
2025-06-28T22:27:44.406Z,"90","Stive","Elite Knight","Elysian","1489","54846721895"
2025-06-28T22:27:44.406Z,"91","Skyress","Master Sorcerer","Elysian","1483","54226342700"
2025-06-28T22:27:44.406Z,"92","Rare Cookie","Elder Druid","Elysian","1480","53812248597"
2025-06-28T22:27:44.406Z,"93","Gobzilla","Elite Knight","Elysian","1478","53639191575"
2025-06-28T22:27:44.406Z,"94","Sir Blocker","Elite Knight","Elysian","1478","53602100909"
2025-06-28T22:27:44.406Z,"95","Razeki","Master Sorcerer","Elysian","1477","53490101111"
2025-06-28T22:27:44.406Z,"96","Acima Bruxao Ceifador","Master Sorcerer","Elysian","1466","52330030827"
2025-06-28T22:27:44.406Z,"97","Kar","Elder Druid","Elysian","1465","52240959511"
2025-06-28T22:27:44.406Z,"98","Japa Paidos Pobres","Elder Druid","Elysian","1459","51619109205"
2025-06-28T22:27:44.406Z,"99","Bellfly","Royal Paladin","Elysian","1458","51527555397"
2025-06-28T22:27:44.406Z,"100","Black Glock","Elite Knight","Elysian","1458","51503099243"
2025-06-28T22:41:18.838Z,"1","Gamesh Odiado","Elder Druid","Elysian","2612","296662138486"
2025-06-28T22:41:18.838Z,"2","Henan Remigio","Royal Paladin","Elysian","2463","248555071794"
2025-06-28T22:41:18.838Z,"3","Evvd","Royal Paladin","Elysian","2383","225141557530"
2025-06-28T22:41:18.838Z,"4","Liam Darkside","Elite Knight","Elysian","2318","207093299410"
2025-06-28T22:41:18.838Z,"5","Henan Corrupto","Master Sorcerer","Elysian","2316","206566445723"
2025-06-28T22:41:18.838Z,"6","Fox Zyn","Elite Knight","Elysian","2299","202010181547"
2025-06-28T22:41:18.838Z,"7","Maath Enterprises","Master Sorcerer","Elysian","2282","197572061043"
2025-06-28T22:41:18.838Z,"8","Son Maki","Master Sorcerer","Elysian","2275","195856941906"
2025-06-28T22:41:18.838Z,"9","Thiisz","Elite Knight","Elysian","2265","193299048942"
2025-06-28T22:41:18.838Z,"10","Suit","Elder Druid","Elysian","2219","181656765801"
2025-06-28T22:41:18.838Z,"11","Henan Corrupt","Elite Knight","Elysian","2189","174400596895"
2025-06-28T22:41:18.838Z,"12","Samu Enterprises","Elder Druid","Elysian","2173","170773316613"
2025-06-28T22:41:18.838Z,"13","Fenz Remains","Royal Paladin","Elysian","2141","163214072009"
2025-06-28T22:41:18.838Z,"14","Kvn Endividado","Elder Druid","Elysian","2119","158270039269"
2025-06-28T22:41:18.838Z,"15","Amaterasu Corrupto","Elite Knight","Elysian","2099","153793872587"
2025-06-28T22:41:18.838Z,"16","Mr Cora","Master Sorcerer","Elysian","2077","148986152014"
2025-06-28T22:41:18.838Z,"17","Carlao Enterprises","Royal Paladin","Elysian","2053","143973817032"
2025-06-28T22:41:18.838Z,"18","Lipaum","Royal Paladin","Elysian","2031","139227352919"
2025-06-28T22:41:18.838Z,"19","Marc Marksman","Royal Paladin","Elysian","2023","137716379981"
2025-06-28T22:41:18.838Z,"20","Tomziin","Elder Druid","Elysian","2012","135461090166"
2025-06-28T22:41:18.838Z,"21","Couto Enterprises","Elite Knight","Elysian","1979","128923374855"
2025-06-28T22:41:18.838Z,"22","Shimanoe Ek","Elite Knight","Elysian","1973","127687650528"
2025-06-28T22:41:18.838Z,"23","Assemblas Corrupto","Master Sorcerer","Elysian","1960","125239087955"
2025-06-28T22:41:18.838Z,"24","Magro Nervoso","Elite Knight","Elysian","1956","124365365603"
2025-06-28T22:41:18.838Z,"25","Javy Imparavel","Master Sorcerer","Elysian","1951","123446998363"
2025-06-28T22:41:18.838Z,"26","Baldish Druid","Elder Druid","Elysian","1930","119529481948"
2025-06-28T22:41:18.838Z,"27","Caiao Sinistro","Elite Knight","Elysian","1925","118535380871"
2025-06-28T22:41:18.838Z,"28","Yan Corrupto","Master Sorcerer","Elysian","1917","117074731474"
2025-06-28T22:41:18.838Z,"29","Homem Aranho","Elite Knight","Elysian","1896","113312544178"
2025-06-28T22:41:18.838Z,"30","Manix Mana","Elder Druid","Elysian","1896","113246516571"
2025-06-28T22:41:18.838Z,"31","Belzebu Sexy","Elder Druid","Elysian","1880","110498468708"
2025-06-28T22:41:18.838Z,"32","Boscato","Royal Paladin","Elysian","1875","109641889336"
2025-06-28T22:41:18.838Z,"33","Be Zin","Master Sorcerer","Elysian","1865","107797821290"
2025-06-28T22:41:18.838Z,"34","Javy Curandeiro","Elder Druid","Elysian","1854","105990935438"
2025-06-28T22:41:18.838Z,"35","Gomez Addams","Royal Paladin","Elysian","1845","104447738237"
2025-06-28T22:41:18.838Z,"36","Super Tonhao","Royal Paladin","Elysian","1845","104379701930"
2025-06-28T22:41:18.838Z,"37","Organismo Torresmo","Master Sorcerer","Elysian","1822","100621850589"
2025-06-28T22:41:18.838Z,"38","Little Corrupto","Royal Paladin","Elysian","1821","100370399263"
2025-06-28T22:41:18.838Z,"39","Sonega","Royal Paladin","Elysian","1807","98129255348"
2025-06-28T22:41:18.838Z,"40","Druid Mastery","Elder Druid","Elysian","1806","97926192132"
2025-06-28T22:41:18.838Z,"41","Lume Nux","Elder Druid","Elysian","1789","95251201919"
2025-06-28T22:41:18.838Z,"42","Jbeto","Elite Knight","Elysian","1789","95195178929"
2025-06-28T22:41:18.838Z,"43","Boromir Perspicaz","Elite Knight","Elysian","1787","94924681036"
2025-06-28T22:41:18.838Z,"44","Sallem Mago","Master Sorcerer","Elysian","1775","93028745845"
2025-06-28T22:41:18.838Z,"45","Kevao","Elite Knight","Elysian","1771","92324680895"
2025-06-28T22:41:18.838Z,"46","Pee Drin","Royal Paladin","Elysian","1755","89874253691"
2025-06-28T22:41:18.838Z,"47","Myth Seeker","Master Sorcerer","Elysian","1751","89287833460"
2025-06-28T22:41:18.838Z,"48","Joaine","Master Sorcerer","Elysian","1751","89266103014"
2025-06-28T22:41:18.838Z,"49","Marlon Knight","Elite Knight","Elysian","1744","88173757148"
2025-06-28T22:41:18.838Z,"50","Valon Thekis","Elder Druid","Elysian","1737","87049112608"
2025-06-28T22:41:18.838Z,"51","Darkness Hunter","Royal Paladin","Elysian","1734","86683624075"
2025-06-28T22:41:18.838Z,"52","Fester Addams","Elite Knight","Elysian","1727","85658957968"
2025-06-28T22:41:18.838Z,"53","Paladina Revoltada","Royal Paladin","Elysian","1706","82474131676"
2025-06-28T22:41:18.838Z,"54","Esperei Tanto","Elite Knight","Elysian","1685","79463207190"
2025-06-28T22:41:18.838Z,"55","Magenta","Master Sorcerer","Elysian","1653","75082603063"
2025-06-28T22:41:18.838Z,"56","Jc King","Royal Paladin","Elysian","1646","74144917065"
2025-06-28T22:41:18.838Z,"57","Aizen Rhain","Elite Knight","Elysian","1632","72242465709"
2025-06-28T22:41:18.838Z,"58","Mixirica Patrocinado","Elder Druid","Elysian","1630","71961034990"
2025-06-28T22:41:18.838Z,"59","Magadi","Master Sorcerer","Elysian","1629","71852604232"
2025-06-28T22:41:18.838Z,"60","Arcanjo Barakiel","Master Sorcerer","Elysian","1627","71535628643"
2025-06-28T22:41:18.838Z,"61","King Anvin","Master Sorcerer","Elysian","1624","71152094735"
2025-06-28T22:41:18.838Z,"62","Marcinho Sensacao","Master Sorcerer","Elysian","1620","70603605088"
2025-06-28T22:41:18.838Z,"63","Czarek Legend","Elite Knight","Elysian","1616","70197546981"
2025-06-28T22:41:18.838Z,"64","Maadruga","Elite Knight","Elysian","1613","69724300501"
2025-06-28T22:41:18.838Z,"65","Topik","Royal Paladin","Elysian","1608","69165414762"
2025-06-28T22:41:18.838Z,"66","Pai Baguncinha","Elite Knight","Elysian","1597","67730181200"
2025-06-28T22:41:18.838Z,"67","Bullettex","Elite Knight","Elysian","1596","67530501474"
2025-06-28T22:41:18.838Z,"68","Cryptz Patrocinado","Elite Knight","Elysian","1587","66394438528"
2025-06-28T22:41:18.838Z,"69","Warumono","Elite Knight","Elysian","1581","65631480641"
2025-06-28T22:41:18.838Z,"70","Big Wollf","Master Sorcerer","Elysian","1574","64770528844"
2025-06-28T22:41:18.838Z,"71","Jef Ftezyk","Elite Knight","Elysian","1558","62823069692"
2025-06-28T22:41:18.838Z,"72","Dolph Midazz","Elite Knight","Elysian","1557","62741764631"
2025-06-28T22:41:18.838Z,"73","Seunomelongoaqui","Master Sorcerer","Elysian","1555","62426359429"
2025-06-28T22:41:18.838Z,"74","Jogas Royal","Royal Paladin","Elysian","1553","62290515310"
2025-06-28T22:41:18.838Z,"75","Elite Tyrra","Elite Knight","Elysian","1541","60801261216"
2025-06-28T22:41:18.838Z,"76","Tigrin","Elder Druid","Elysian","1541","60797143446"
2025-06-28T22:41:18.838Z,"77","Dartheys on Elysian","Royal Paladin","Elysian","1538","60476011914"
2025-06-28T22:41:18.838Z,"78","Pasta De Dente","Royal Paladin","Elysian","1534","59932937214"
2025-06-28T22:41:18.838Z,"79","Kanna","Royal Paladin","Elysian","1529","59405901529"
2025-06-28T22:41:18.838Z,"80","Joon Af","Elite Knight","Elysian","1526","59067788432"
2025-06-28T22:41:18.838Z,"81","Roshak","Royal Paladin","Elysian","1522","58547919611"
2025-06-28T22:41:18.838Z,"82","Ciel","Elite Knight","Elysian","1520","58344929862"
2025-06-28T22:41:18.838Z,"83","Devilnegro","Royal Paladin","Elysian","1517","57999411721"
2025-06-28T22:41:18.838Z,"84","Blackwave","Master Sorcerer","Elysian","1516","57882430660"
2025-06-28T22:41:18.838Z,"85","Khan Miruku","Master Sorcerer","Elysian","1514","57616151594"
2025-06-28T22:41:18.838Z,"86","Hepta","Elder Druid","Elysian","1507","56904789663"
2025-06-28T22:41:18.838Z,"87","Baldish","Royal Paladin","Elysian","1506","56705265901"
2025-06-28T22:41:18.838Z,"88","Mago Do Pantano","Master Sorcerer","Elysian","1504","56520740136"
2025-06-28T22:41:18.838Z,"89","Rusek","Elder Druid","Elysian","1491","55055512154"
2025-06-28T22:41:18.838Z,"90","Stive","Elite Knight","Elysian","1489","54846721895"
2025-06-28T22:41:18.838Z,"91","Skyress","Master Sorcerer","Elysian","1483","54226342700"
2025-06-28T22:41:18.838Z,"92","Rare Cookie","Elder Druid","Elysian","1480","53812248597"
2025-06-28T22:41:18.838Z,"93","Gobzilla","Elite Knight","Elysian","1478","53639191575"
2025-06-28T22:41:18.838Z,"94","Sir Blocker","Elite Knight","Elysian","1478","53602100909"
2025-06-28T22:41:18.838Z,"95","Razeki","Master Sorcerer","Elysian","1477","53490101111"
2025-06-28T22:41:18.838Z,"96","Acima Bruxao Ceifador","Master Sorcerer","Elysian","1466","52330030827"
2025-06-28T22:41:18.838Z,"97","Kar","Elder Druid","Elysian","1465","52240959511"
2025-06-28T22:41:18.838Z,"98","Japa Paidos Pobres","Elder Druid","Elysian","1459","51619109205"
2025-06-28T22:41:18.838Z,"99","Bellfly","Royal Paladin","Elysian","1458","51527555397"
2025-06-28T22:41:18.838Z,"100","Black Glock","Elite Knight","Elysian","1458","51503099243"
2025-06-28T22:46:15.117Z,"1","Gamesh Odiado","Elder Druid","Elysian","2612","296662138486"
2025-06-28T22:46:15.117Z,"2","Henan Remigio","Royal Paladin","Elysian","2463","248555071794"
2025-06-28T22:46:15.117Z,"3","Evvd","Royal Paladin","Elysian","2383","225141557530"
2025-06-28T22:46:15.117Z,"4","Liam Darkside","Elite Knight","Elysian","2318","207093299410"
2025-06-28T22:46:15.117Z,"5","Henan Corrupto","Master Sorcerer","Elysian","2316","206566445723"
2025-06-28T22:46:15.117Z,"6","Fox Zyn","Elite Knight","Elysian","2299","202010181547"
2025-06-28T22:46:15.117Z,"7","Maath Enterprises","Master Sorcerer","Elysian","2282","197572061043"
2025-06-28T22:46:15.117Z,"8","Son Maki","Master Sorcerer","Elysian","2275","195856941906"
2025-06-28T22:46:15.117Z,"9","Thiisz","Elite Knight","Elysian","2265","193299048942"
2025-06-28T22:46:15.117Z,"10","Suit","Elder Druid","Elysian","2219","181656765801"
2025-06-28T22:46:15.117Z,"11","Henan Corrupt","Elite Knight","Elysian","2189","174400596895"
2025-06-28T22:46:15.117Z,"12","Samu Enterprises","Elder Druid","Elysian","2173","170773316613"
2025-06-28T22:46:15.117Z,"13","Fenz Remains","Royal Paladin","Elysian","2141","163214072009"
2025-06-28T22:46:15.117Z,"14","Kvn Endividado","Elder Druid","Elysian","2119","158270039269"
2025-06-28T22:46:15.117Z,"15","Amaterasu Corrupto","Elite Knight","Elysian","2099","153793872587"
2025-06-28T22:46:15.117Z,"16","Mr Cora","Master Sorcerer","Elysian","2077","148986152014"
2025-06-28T22:46:15.117Z,"17","Carlao Enterprises","Royal Paladin","Elysian","2053","143973817032"
2025-06-28T22:46:15.117Z,"18","Lipaum","Royal Paladin","Elysian","2031","139227352919"
2025-06-28T22:46:15.117Z,"19","Marc Marksman","Royal Paladin","Elysian","2023","137716379981"
2025-06-28T22:46:15.117Z,"20","Tomziin","Elder Druid","Elysian","2012","135461090166"
2025-06-28T22:46:15.117Z,"21","Couto Enterprises","Elite Knight","Elysian","1979","128923374855"
2025-06-28T22:46:15.117Z,"22","Shimanoe Ek","Elite Knight","Elysian","1973","127687650528"
2025-06-28T22:46:15.117Z,"23","Assemblas Corrupto","Master Sorcerer","Elysian","1960","125239087955"
2025-06-28T22:46:15.117Z,"24","Magro Nervoso","Elite Knight","Elysian","1956","124365365603"
2025-06-28T22:46:15.117Z,"25","Javy Imparavel","Master Sorcerer","Elysian","1951","123446998363"
2025-06-28T22:46:15.117Z,"26","Baldish Druid","Elder Druid","Elysian","1930","119529481948"
2025-06-28T22:46:15.117Z,"27","Caiao Sinistro","Elite Knight","Elysian","1925","118535380871"
2025-06-28T22:46:15.117Z,"28","Yan Corrupto","Master Sorcerer","Elysian","1917","117074731474"
2025-06-28T22:46:15.117Z,"29","Homem Aranho","Elite Knight","Elysian","1896","113312544178"
2025-06-28T22:46:15.117Z,"30","Manix Mana","Elder Druid","Elysian","1896","113246516571"
2025-06-28T22:46:15.117Z,"31","Belzebu Sexy","Elder Druid","Elysian","1880","110498468708"
2025-06-28T22:46:15.117Z,"32","Boscato","Royal Paladin","Elysian","1875","109641889336"
2025-06-28T22:46:15.117Z,"33","Be Zin","Master Sorcerer","Elysian","1865","107797821290"
2025-06-28T22:46:15.117Z,"34","Javy Curandeiro","Elder Druid","Elysian","1854","105990935438"
2025-06-28T22:46:15.117Z,"35","Gomez Addams","Royal Paladin","Elysian","1845","104447738237"
2025-06-28T22:46:15.117Z,"36","Super Tonhao","Royal Paladin","Elysian","1845","104379701930"
2025-06-28T22:46:15.117Z,"37","Organismo Torresmo","Master Sorcerer","Elysian","1822","100621850589"
2025-06-28T22:46:15.117Z,"38","Little Corrupto","Royal Paladin","Elysian","1821","100370399263"
2025-06-28T22:46:15.117Z,"39","Sonega","Royal Paladin","Elysian","1807","98129255348"
2025-06-28T22:46:15.117Z,"40","Druid Mastery","Elder Druid","Elysian","1806","97926192132"
2025-06-28T22:46:15.117Z,"41","Lume Nux","Elder Druid","Elysian","1789","95251201919"
2025-06-28T22:46:15.117Z,"42","Jbeto","Elite Knight","Elysian","1789","95195178929"
2025-06-28T22:46:15.117Z,"43","Boromir Perspicaz","Elite Knight","Elysian","1787","94924681036"
2025-06-28T22:46:15.117Z,"44","Sallem Mago","Master Sorcerer","Elysian","1775","93028745845"
2025-06-28T22:46:15.117Z,"45","Kevao","Elite Knight","Elysian","1771","92324680895"
2025-06-28T22:46:15.117Z,"46","Pee Drin","Royal Paladin","Elysian","1755","89874253691"
2025-06-28T22:46:15.117Z,"47","Myth Seeker","Master Sorcerer","Elysian","1751","89287833460"
2025-06-28T22:46:15.117Z,"48","Joaine","Master Sorcerer","Elysian","1751","89266103014"
2025-06-28T22:46:15.117Z,"49","Marlon Knight","Elite Knight","Elysian","1744","88173757148"
2025-06-28T22:46:15.117Z,"50","Valon Thekis","Elder Druid","Elysian","1737","87049112608"
2025-06-28T22:46:15.117Z,"51","Darkness Hunter","Royal Paladin","Elysian","1734","86683624075"
2025-06-28T22:46:15.117Z,"52","Fester Addams","Elite Knight","Elysian","1727","85658957968"
2025-06-28T22:46:15.117Z,"53","Paladina Revoltada","Royal Paladin","Elysian","1706","82474131676"
2025-06-28T22:46:15.117Z,"54","Esperei Tanto","Elite Knight","Elysian","1685","79463207190"
2025-06-28T22:46:15.117Z,"55","Magenta","Master Sorcerer","Elysian","1653","75082603063"
2025-06-28T22:46:15.117Z,"56","Jc King","Royal Paladin","Elysian","1646","74144917065"
2025-06-28T22:46:15.117Z,"57","Aizen Rhain","Elite Knight","Elysian","1632","72242465709"
2025-06-28T22:46:15.117Z,"58","Mixirica Patrocinado","Elder Druid","Elysian","1630","71961034990"
2025-06-28T22:46:15.117Z,"59","Magadi","Master Sorcerer","Elysian","1629","71852604232"
2025-06-28T22:46:15.117Z,"60","Arcanjo Barakiel","Master Sorcerer","Elysian","1627","71535628643"
2025-06-28T22:46:15.117Z,"61","King Anvin","Master Sorcerer","Elysian","1624","71152094735"
2025-06-28T22:46:15.117Z,"62","Marcinho Sensacao","Master Sorcerer","Elysian","1620","70603605088"
2025-06-28T22:46:15.117Z,"63","Czarek Legend","Elite Knight","Elysian","1616","70197546981"
2025-06-28T22:46:15.117Z,"64","Maadruga","Elite Knight","Elysian","1613","69724300501"
2025-06-28T22:46:15.117Z,"65","Topik","Royal Paladin","Elysian","1608","69165414762"
2025-06-28T22:46:15.117Z,"66","Pai Baguncinha","Elite Knight","Elysian","1597","67730181200"
2025-06-28T22:46:15.117Z,"67","Bullettex","Elite Knight","Elysian","1596","67530501474"
2025-06-28T22:46:15.117Z,"68","Cryptz Patrocinado","Elite Knight","Elysian","1587","66394438528"
2025-06-28T22:46:15.117Z,"69","Warumono","Elite Knight","Elysian","1581","65631480641"
2025-06-28T22:46:15.117Z,"70","Big Wollf","Master Sorcerer","Elysian","1574","64770528844"
2025-06-28T22:46:15.117Z,"71","Jef Ftezyk","Elite Knight","Elysian","1558","62823069692"
2025-06-28T22:46:15.117Z,"72","Dolph Midazz","Elite Knight","Elysian","1557","62741764631"
2025-06-28T22:46:15.117Z,"73","Seunomelongoaqui","Master Sorcerer","Elysian","1555","62426359429"
2025-06-28T22:46:15.117Z,"74","Jogas Royal","Royal Paladin","Elysian","1553","62290515310"
2025-06-28T22:46:15.117Z,"75","Elite Tyrra","Elite Knight","Elysian","1541","60801261216"
2025-06-28T22:46:15.117Z,"76","Tigrin","Elder Druid","Elysian","1541","60797143446"
2025-06-28T22:46:15.117Z,"77","Dartheys on Elysian","Royal Paladin","Elysian","1538","60476011914"
2025-06-28T22:46:15.117Z,"78","Pasta De Dente","Royal Paladin","Elysian","1534","59932937214"
2025-06-28T22:46:15.117Z,"79","Kanna","Royal Paladin","Elysian","1529","59405901529"
2025-06-28T22:46:15.117Z,"80","Joon Af","Elite Knight","Elysian","1526","59067788432"
2025-06-28T22:46:15.117Z,"81","Roshak","Royal Paladin","Elysian","1522","58547919611"
2025-06-28T22:46:15.117Z,"82","Ciel","Elite Knight","Elysian","1520","58344929862"
2025-06-28T22:46:15.117Z,"83","Devilnegro","Royal Paladin","Elysian","1517","57999411721"
2025-06-28T22:46:15.117Z,"84","Blackwave","Master Sorcerer","Elysian","1516","57882430660"
2025-06-28T22:46:15.117Z,"85","Khan Miruku","Master Sorcerer","Elysian","1514","57616151594"
2025-06-28T22:46:15.117Z,"86","Hepta","Elder Druid","Elysian","1507","56904789663"
2025-06-28T22:46:15.117Z,"87","Baldish","Royal Paladin","Elysian","1506","56705265901"
2025-06-28T22:46:15.117Z,"88","Mago Do Pantano","Master Sorcerer","Elysian","1504","56520740136"
2025-06-28T22:46:15.117Z,"89","Rusek","Elder Druid","Elysian","1491","55055512154"
2025-06-28T22:46:15.117Z,"90","Stive","Elite Knight","Elysian","1489","54846721895"
2025-06-28T22:46:15.117Z,"91","Skyress","Master Sorcerer","Elysian","1483","54226342700"
2025-06-28T22:46:15.117Z,"92","Rare Cookie","Elder Druid","Elysian","1480","53812248597"
2025-06-28T22:46:15.117Z,"93","Gobzilla","Elite Knight","Elysian","1478","53639191575"
2025-06-28T22:46:15.117Z,"94","Sir Blocker","Elite Knight","Elysian","1478","53602100909"
2025-06-28T22:46:15.117Z,"95","Razeki","Master Sorcerer","Elysian","1477","53490101111"
2025-06-28T22:46:15.117Z,"96","Acima Bruxao Ceifador","Master Sorcerer","Elysian","1466","52330030827"
2025-06-28T22:46:15.117Z,"97","Kar","Elder Druid","Elysian","1465","52240959511"
2025-06-28T22:46:15.117Z,"98","Japa Paidos Pobres","Elder Druid","Elysian","1459","51619109205"
2025-06-28T22:46:15.117Z,"99","Bellfly","Royal Paladin","Elysian","1458","51527555397"
2025-06-28T22:46:15.117Z,"100","Black Glock","Elite Knight","Elysian","1458","51503099243"
2025-06-28T23:40:47.208Z,"1","Gamesh Odiado","Elder Druid","Elysian","2613","296781794254"
2025-06-28T23:40:47.208Z,"2","Henan Remigio","Royal Paladin","Elysian","2463","248555071794"
2025-06-28T23:40:47.208Z,"3","Evvd","Royal Paladin","Elysian","2384","225276821281"
2025-06-28T23:40:47.208Z,"4","Liam Darkside","Elite Knight","Elysian","2318","207093299410"
2025-06-28T23:40:47.208Z,"5","Henan Corrupto","Master Sorcerer","Elysian","2316","206687566628"
2025-06-28T23:40:47.208Z,"6","Fox Zyn","Elite Knight","Elysian","2299","202010181547"
2025-06-28T23:40:47.208Z,"7","Maath Enterprises","Master Sorcerer","Elysian","2282","197572061043"
2025-06-28T23:40:47.208Z,"8","Son Maki","Master Sorcerer","Elysian","2275","195856941906"
2025-06-28T23:40:47.208Z,"9","Thiisz","Elite Knight","Elysian","2265","193299048942"
2025-06-28T23:40:47.208Z,"10","Suit","Elder Druid","Elysian","2219","181656765801"
2025-06-28T23:40:47.208Z,"11","Henan Corrupt","Elite Knight","Elysian","2189","174401193153"
2025-06-28T23:40:47.208Z,"12","Samu Enterprises","Elder Druid","Elysian","2173","170773316613"
2025-06-28T23:40:47.208Z,"13","Fenz Remains","Royal Paladin","Elysian","2141","163214072009"
2025-06-28T23:40:47.208Z,"14","Kvn Endividado","Elder Druid","Elysian","2119","158270039269"
2025-06-28T23:40:47.208Z,"15","Amaterasu Corrupto","Elite Knight","Elysian","2099","153793872587"
2025-06-28T23:40:47.208Z,"16","Mr Cora","Master Sorcerer","Elysian","2077","148986152014"
2025-06-28T23:40:47.208Z,"17","Carlao Enterprises","Royal Paladin","Elysian","2053","143973817032"
2025-06-28T23:40:47.208Z,"18","Lipaum","Royal Paladin","Elysian","2031","139227359797"
2025-06-28T23:40:47.208Z,"19","Marc Marksman","Royal Paladin","Elysian","2023","137716379981"
2025-06-28T23:40:47.208Z,"20","Tomziin","Elder Druid","Elysian","2012","135461090166"
2025-06-28T23:40:47.208Z,"21","Couto Enterprises","Elite Knight","Elysian","1979","128923374855"
2025-06-28T23:40:47.208Z,"22","Shimanoe Ek","Elite Knight","Elysian","1973","127687650528"
2025-06-28T23:40:47.208Z,"23","Assemblas Corrupto","Master Sorcerer","Elysian","1960","125239087955"
2025-06-28T23:40:47.208Z,"24","Magro Nervoso","Elite Knight","Elysian","1956","124380058306"
2025-06-28T23:40:47.208Z,"25","Javy Imparavel","Master Sorcerer","Elysian","1951","123447005520"
2025-06-28T23:40:47.208Z,"26","Baldish Druid","Elder Druid","Elysian","1930","119529481948"
2025-06-28T23:40:47.208Z,"27","Caiao Sinistro","Elite Knight","Elysian","1925","118535380871"
2025-06-28T23:40:47.208Z,"28","Yan Corrupto","Master Sorcerer","Elysian","1917","117074731474"
2025-06-28T23:40:47.208Z,"29","Homem Aranho","Elite Knight","Elysian","1896","113321164177"
2025-06-28T23:40:47.208Z,"30","Manix Mana","Elder Druid","Elysian","1896","113246516571"
2025-06-28T23:40:47.208Z,"31","Belzebu Sexy","Elder Druid","Elysian","1880","110498468708"
2025-06-28T23:40:47.208Z,"32","Boscato","Royal Paladin","Elysian","1875","109641889336"
2025-06-28T23:40:47.208Z,"33","Be Zin","Master Sorcerer","Elysian","1865","107797821290"
2025-06-28T23:40:47.208Z,"34","Javy Curandeiro","Elder Druid","Elysian","1854","105990935438"
2025-06-28T23:40:47.208Z,"35","Gomez Addams","Royal Paladin","Elysian","1845","104447738237"
2025-06-28T23:40:47.208Z,"36","Super Tonhao","Royal Paladin","Elysian","1845","104379701930"
2025-06-28T23:40:47.208Z,"37","Organismo Torresmo","Master Sorcerer","Elysian","1822","100621850589"
2025-06-28T23:40:47.208Z,"38","Little Corrupto","Royal Paladin","Elysian","1821","100370399263"
2025-06-28T23:40:47.208Z,"39","Sonega","Royal Paladin","Elysian","1807","98129255348"
2025-06-28T23:40:47.208Z,"40","Druid Mastery","Elder Druid","Elysian","1806","97926192132"
2025-06-28T23:40:47.208Z,"41","Lume Nux","Elder Druid","Elysian","1789","95251201919"
2025-06-28T23:40:47.208Z,"42","Jbeto","Elite Knight","Elysian","1789","95195178929"
2025-06-28T23:40:47.208Z,"43","Boromir Perspicaz","Elite Knight","Elysian","1787","94924681036"
2025-06-28T23:40:47.208Z,"44","Sallem Mago","Master Sorcerer","Elysian","1775","93028745845"
2025-06-28T23:40:47.208Z,"45","Kevao","Elite Knight","Elysian","1772","92427305750"
2025-06-28T23:40:47.208Z,"46","Pee Drin","Royal Paladin","Elysian","1755","89874253691"
2025-06-28T23:40:47.208Z,"47","Myth Seeker","Master Sorcerer","Elysian","1751","89287833460"
2025-06-28T23:40:47.208Z,"48","Joaine","Master Sorcerer","Elysian","1751","89266103014"
2025-06-28T23:40:47.208Z,"49","Marlon Knight","Elite Knight","Elysian","1744","88173757148"
2025-06-28T23:40:47.208Z,"50","Valon Thekis","Elder Druid","Elysian","1737","87049112608"
2025-06-28T23:40:47.208Z,"51","Darkness Hunter","Royal Paladin","Elysian","1734","86683624075"
2025-06-28T23:40:47.208Z,"52","Fester Addams","Elite Knight","Elysian","1727","85658957968"
2025-06-28T23:40:47.208Z,"53","Paladina Revoltada","Royal Paladin","Elysian","1706","82474131676"
2025-06-28T23:40:47.208Z,"54","Esperei Tanto","Elite Knight","Elysian","1685","79463207190"
2025-06-28T23:40:47.208Z,"55","Magenta","Master Sorcerer","Elysian","1653","75085824377"
2025-06-28T23:40:47.208Z,"56","Jc King","Royal Paladin","Elysian","1646","74144922264"
2025-06-28T23:40:47.208Z,"57","Aizen Rhain","Elite Knight","Elysian","1632","72242465709"
2025-06-28T23:40:47.208Z,"58","Mixirica Patrocinado","Elder Druid","Elysian","1630","71961034990"
2025-06-28T23:40:47.208Z,"59","Magadi","Master Sorcerer","Elysian","1629","71852604232"
2025-06-28T23:40:47.208Z,"60","Arcanjo Barakiel","Master Sorcerer","Elysian","1627","71535628643"
2025-06-28T23:40:47.208Z,"61","King Anvin","Master Sorcerer","Elysian","1624","71152094735"
2025-06-28T23:40:47.208Z,"62","Marcinho Sensacao","Master Sorcerer","Elysian","1620","70603605088"
2025-06-28T23:40:47.208Z,"63","Czarek Legend","Elite Knight","Elysian","1616","70197546981"
2025-06-28T23:40:47.208Z,"64","Maadruga","Elite Knight","Elysian","1613","69724646930"
2025-06-28T23:40:47.208Z,"65","Topik","Royal Paladin","Elysian","1608","69165414762"
2025-06-28T23:40:47.208Z,"66","Pai Baguncinha","Elite Knight","Elysian","1597","67730181200"
2025-06-28T23:40:47.208Z,"67","Bullettex","Elite Knight","Elysian","1596","67530501474"
2025-06-28T23:40:47.208Z,"68","Cryptz Patrocinado","Elite Knight","Elysian","1587","66394438528"
2025-06-28T23:40:47.208Z,"69","Warumono","Elite Knight","Elysian","1581","65631480641"
2025-06-28T23:40:47.208Z,"70","Big Wollf","Master Sorcerer","Elysian","1574","64770528844"
2025-06-28T23:40:47.208Z,"71","Jef Ftezyk","Elite Knight","Elysian","1558","62823069692"
2025-06-28T23:40:47.208Z,"72","Dolph Midazz","Elite Knight","Elysian","1557","62741764631"
2025-06-28T23:40:47.208Z,"73","Seunomelongoaqui","Master Sorcerer","Elysian","1555","62426359429"
2025-06-28T23:40:47.208Z,"74","Jogas Royal","Royal Paladin","Elysian","1553","62290515310"
2025-06-28T23:40:47.208Z,"75","Elite Tyrra","Elite Knight","Elysian","1541","60801261216"
2025-06-28T23:40:47.208Z,"76","Tigrin","Elder Druid","Elysian","1541","60797143446"
2025-06-28T23:40:47.208Z,"77","Dartheys on Elysian","Royal Paladin","Elysian","1538","60476011914"
2025-06-28T23:40:47.208Z,"78","Pasta De Dente","Royal Paladin","Elysian","1534","59932937214"
2025-06-28T23:40:47.208Z,"79","Kanna","Royal Paladin","Elysian","1529","59405901529"
2025-06-28T23:40:47.208Z,"80","Joon Af","Elite Knight","Elysian","1526","59067829552"
2025-06-28T23:40:47.208Z,"81","Roshak","Royal Paladin","Elysian","1522","58547951040"
2025-06-28T23:40:47.208Z,"82","Ciel","Elite Knight","Elysian","1520","58344929862"
2025-06-28T23:40:47.208Z,"83","Devilnegro","Royal Paladin","Elysian","1517","57999411721"
2025-06-28T23:40:47.208Z,"84","Blackwave","Master Sorcerer","Elysian","1516","57882525584"
2025-06-28T23:40:47.208Z,"85","Khan Miruku","Master Sorcerer","Elysian","1514","57616151594"
2025-06-28T23:40:47.208Z,"86","Hepta","Elder Druid","Elysian","1507","56904789663"
2025-06-28T23:40:47.208Z,"87","Baldish","Royal Paladin","Elysian","1506","56705265901"
2025-06-28T23:40:47.208Z,"88","Mago Do Pantano","Master Sorcerer","Elysian","1504","56520740136"
2025-06-28T23:40:47.208Z,"89","Rusek","Elder Druid","Elysian","1491","55055512154"
2025-06-28T23:40:47.208Z,"90","Stive","Elite Knight","Elysian","1489","54846721895"
2025-06-28T23:40:47.208Z,"91","Skyress","Master Sorcerer","Elysian","1483","54226342700"
2025-06-28T23:40:47.208Z,"92","Rare Cookie","Elder Druid","Elysian","1480","53812248597"
2025-06-28T23:40:47.208Z,"93","Gobzilla","Elite Knight","Elysian","1478","53639191575"
2025-06-28T23:40:47.208Z,"94","Sir Blocker","Elite Knight","Elysian","1478","53602100909"
2025-06-28T23:40:47.208Z,"95","Razeki","Master Sorcerer","Elysian","1477","53490101111"
2025-06-28T23:40:47.208Z,"96","Acima Bruxao Ceifador","Master Sorcerer","Elysian","1466","52330030827"
2025-06-28T23:40:47.208Z,"97","Kar","Elder Druid","Elysian","1465","52240959511"
2025-06-28T23:40:47.208Z,"98","Japa Paidos Pobres","Elder Druid","Elysian","1459","51619109205"
2025-06-28T23:40:47.208Z,"99","Bellfly","Royal Paladin","Elysian","1458","51527555397"
2025-06-28T23:40:47.208Z,"100","Black Glock","Elite Knight","Elysian","1458","51503099243"
2025-06-29T01:21:55.273Z,"1","Gamesh Odiado","Elder Druid","Elysian","2613","296919975259"
2025-06-29T01:21:55.273Z,"2","Henan Remigio","Royal Paladin","Elysian","2463","248555071794"
2025-06-29T01:21:55.273Z,"3","Evvd","Royal Paladin","Elysian","2384","225433204553"
2025-06-29T01:21:55.273Z,"4","Liam Darkside","Elite Knight","Elysian","2318","207093299410"
2025-06-29T01:21:55.273Z,"5","Henan Corrupto","Master Sorcerer","Elysian","2317","206881881499"
2025-06-29T01:21:55.273Z,"6","Fox Zyn","Elite Knight","Elysian","2299","202010183298"
2025-06-29T01:21:55.273Z,"7","Maath Enterprises","Master Sorcerer","Elysian","2282","197572061043"
2025-06-29T01:21:55.273Z,"8","Son Maki","Master Sorcerer","Elysian","2275","195900847074"
2025-06-29T01:21:55.273Z,"9","Thiisz","Elite Knight","Elysian","2265","193360524701"
2025-06-29T01:21:55.273Z,"10","Suit","Elder Druid","Elysian","2219","181656765801"
2025-06-29T01:21:55.273Z,"11","Henan Corrupt","Elite Knight","Elysian","2189","174405595397"
2025-06-29T01:21:55.273Z,"12","Samu Enterprises","Elder Druid","Elysian","2173","170773316613"
2025-06-29T01:21:55.273Z,"13","Fenz Remains","Royal Paladin","Elysian","2141","163219518107"
2025-06-29T01:21:55.273Z,"14","Kvn Endividado","Elder Druid","Elysian","2119","158270039269"
2025-06-29T01:21:55.273Z,"15","Amaterasu Corrupto","Elite Knight","Elysian","2099","153793872587"
2025-06-29T01:21:55.273Z,"16","Mr Cora","Master Sorcerer","Elysian","2077","148986152014"
2025-06-29T01:21:55.273Z,"17","Carlao Enterprises","Royal Paladin","Elysian","2053","143973817032"
2025-06-29T01:21:55.273Z,"18","Lipaum","Royal Paladin","Elysian","2031","139227359797"
2025-06-29T01:21:55.273Z,"19","Marc Marksman","Royal Paladin","Elysian","2023","137716379981"
2025-06-29T01:21:55.273Z,"20","Tomziin","Elder Druid","Elysian","2012","135513642303"
2025-06-29T01:21:55.273Z,"21","Couto Enterprises","Elite Knight","Elysian","1979","128923374855"
2025-06-29T01:21:55.273Z,"22","Shimanoe Ek","Elite Knight","Elysian","1973","127687650528"
2025-06-29T01:21:55.273Z,"23","Assemblas Corrupto","Master Sorcerer","Elysian","1960","125239087955"
2025-06-29T01:21:55.273Z,"24","Magro Nervoso","Elite Knight","Elysian","1956","124380548245"
2025-06-29T01:21:55.273Z,"25","Javy Imparavel","Master Sorcerer","Elysian","1951","123447007340"
2025-06-29T01:21:55.273Z,"26","Baldish Druid","Elder Druid","Elysian","1930","119529481948"
2025-06-29T01:21:55.273Z,"27","Caiao Sinistro","Elite Knight","Elysian","1925","118535380871"
2025-06-29T01:21:55.273Z,"28","Yan Corrupto","Master Sorcerer","Elysian","1917","117074731474"
2025-06-29T01:21:55.273Z,"29","Homem Aranho","Elite Knight","Elysian","1896","113322840156"
2025-06-29T01:21:55.273Z,"30","Manix Mana","Elder Druid","Elysian","1896","113246516571"
2025-06-29T01:21:55.273Z,"31","Belzebu Sexy","Elder Druid","Elysian","1880","110498468708"
2025-06-29T01:21:55.273Z,"32","Boscato","Royal Paladin","Elysian","1875","109641889336"
2025-06-29T01:21:55.273Z,"33","Be Zin","Master Sorcerer","Elysian","1865","107797821290"
2025-06-29T01:21:55.273Z,"34","Javy Curandeiro","Elder Druid","Elysian","1854","106001155672"
2025-06-29T01:21:55.273Z,"35","Gomez Addams","Royal Paladin","Elysian","1845","104447738237"
2025-06-29T01:21:55.273Z,"36","Super Tonhao","Royal Paladin","Elysian","1845","104379701930"
2025-06-29T01:21:55.273Z,"37","Organismo Torresmo","Master Sorcerer","Elysian","1822","100621850589"
2025-06-29T01:21:55.273Z,"38","Little Corrupto","Royal Paladin","Elysian","1821","100371282793"
2025-06-29T01:21:55.273Z,"39","Sonega","Royal Paladin","Elysian","1807","98129557984"
2025-06-29T01:21:55.273Z,"40","Druid Mastery","Elder Druid","Elysian","1806","97926192132"
2025-06-29T01:21:55.273Z,"41","Lume Nux","Elder Druid","Elysian","1789","95251201919"
2025-06-29T01:21:55.273Z,"42","Jbeto","Elite Knight","Elysian","1789","95218300815"
2025-06-29T01:21:55.273Z,"43","Boromir Perspicaz","Elite Knight","Elysian","1787","94924681036"
2025-06-29T01:21:55.273Z,"44","Sallem Mago","Master Sorcerer","Elysian","1775","93028745845"
2025-06-29T01:21:55.273Z,"45","Kevao","Elite Knight","Elysian","1773","92609136885"
2025-06-29T01:21:55.273Z,"46","Pee Drin","Royal Paladin","Elysian","1755","89874253691"
2025-06-29T01:21:55.273Z,"47","Myth Seeker","Master Sorcerer","Elysian","1752","89325031104"
2025-06-29T01:21:55.273Z,"48","Joaine","Master Sorcerer","Elysian","1751","89292701394"
2025-06-29T01:21:55.273Z,"49","Marlon Knight","Elite Knight","Elysian","1744","88173757148"
2025-06-29T01:21:55.273Z,"50","Valon Thekis","Elder Druid","Elysian","1737","87049112608"
2025-06-29T01:21:55.273Z,"51","Darkness Hunter","Royal Paladin","Elysian","1734","86741056270"
2025-06-29T01:21:55.273Z,"52","Fester Addams","Elite Knight","Elysian","1727","85658957968"
2025-06-29T01:21:55.273Z,"53","Paladina Revoltada","Royal Paladin","Elysian","1706","82474131676"
2025-06-29T01:21:55.273Z,"54","Esperei Tanto","Elite Knight","Elysian","1685","79463207190"
2025-06-29T01:21:55.273Z,"55","Magenta","Master Sorcerer","Elysian","1653","75117202856"
2025-06-29T01:21:55.273Z,"56","Jc King","Royal Paladin","Elysian","1646","74144922264"
2025-06-29T01:21:55.273Z,"57","Aizen Rhain","Elite Knight","Elysian","1632","72242465709"
2025-06-29T01:21:55.273Z,"58","Mixirica Patrocinado","Elder Druid","Elysian","1630","71961034990"
2025-06-29T01:21:55.273Z,"59","Magadi","Master Sorcerer","Elysian","1629","71852604232"
2025-06-29T01:21:55.273Z,"60","Arcanjo Barakiel","Master Sorcerer","Elysian","1627","71535628643"
2025-06-29T01:21:55.273Z,"61","King Anvin","Master Sorcerer","Elysian","1621","70782584076"
2025-06-29T01:21:55.273Z,"62","Marcinho Sensacao","Master Sorcerer","Elysian","1620","70609719080"
2025-06-29T01:21:55.273Z,"63","Czarek Legend","Elite Knight","Elysian","1616","70197546981"
2025-06-29T01:21:55.273Z,"64","Maadruga","Elite Knight","Elysian","1613","69724646930"
2025-06-29T01:21:55.273Z,"65","Topik","Royal Paladin","Elysian","1608","69165414762"
2025-06-29T01:21:55.273Z,"66","Pai Baguncinha","Elite Knight","Elysian","1597","67730181200"
2025-06-29T01:21:55.273Z,"67","Bullettex","Elite Knight","Elysian","1596","67530501474"
2025-06-29T01:21:55.273Z,"68","Cryptz Patrocinado","Elite Knight","Elysian","1587","66394438528"
2025-06-29T01:21:55.273Z,"69","Warumono","Elite Knight","Elysian","1581","65631480641"
2025-06-29T01:21:55.273Z,"70","Big Wollf","Master Sorcerer","Elysian","1574","64770528844"
2025-06-29T01:21:55.273Z,"71","Jef Ftezyk","Elite Knight","Elysian","1558","62823069692"
2025-06-29T01:21:55.273Z,"72","Dolph Midazz","Elite Knight","Elysian","1557","62741764631"
2025-06-29T01:21:55.273Z,"73","Seunomelongoaqui","Master Sorcerer","Elysian","1555","62426359429"
2025-06-29T01:21:55.273Z,"74","Jogas Royal","Royal Paladin","Elysian","1553","62290515310"
2025-06-29T01:21:55.273Z,"75","Elite Tyrra","Elite Knight","Elysian","1541","60801261216"
2025-06-29T01:21:55.273Z,"76","Tigrin","Elder Druid","Elysian","1541","60797143446"
2025-06-29T01:21:55.273Z,"77","Dartheys on Elysian","Royal Paladin","Elysian","1538","60476011914"
2025-06-29T01:21:55.273Z,"78","Pasta De Dente","Royal Paladin","Elysian","1534","59932937214"
2025-06-29T01:21:55.273Z,"79","Kanna","Royal Paladin","Elysian","1529","59405901529"
2025-06-29T01:21:55.273Z,"80","Joon Af","Elite Knight","Elysian","1526","59067829552"
2025-06-29T01:21:55.273Z,"81","Roshak","Royal Paladin","Elysian","1522","58548082205"
2025-06-29T01:21:55.273Z,"82","Ciel","Elite Knight","Elysian","1520","58344929862"
2025-06-29T01:21:55.273Z,"83","Devilnegro","Royal Paladin","Elysian","1517","57999411721"
2025-06-29T01:21:55.273Z,"84","Blackwave","Master Sorcerer","Elysian","1516","57899829679"
2025-06-29T01:21:55.273Z,"85","Khan Miruku","Master Sorcerer","Elysian","1514","57616151594"
2025-06-29T01:21:55.273Z,"86","Hepta","Elder Druid","Elysian","1507","56904789663"
2025-06-29T01:21:55.273Z,"87","Baldish","Royal Paladin","Elysian","1506","56705265901"
2025-06-29T01:21:55.273Z,"88","Mago Do Pantano","Master Sorcerer","Elysian","1504","56520740136"
2025-06-29T01:21:55.273Z,"89","Rusek","Elder Druid","Elysian","1491","55055512154"
2025-06-29T01:21:55.273Z,"90","Stive","Elite Knight","Elysian","1489","54846721895"
2025-06-29T01:21:55.273Z,"91","Skyress","Master Sorcerer","Elysian","1483","54226342700"
2025-06-29T01:21:55.273Z,"92","Rare Cookie","Elder Druid","Elysian","1480","53812435459"
2025-06-29T01:21:55.273Z,"93","Gobzilla","Elite Knight","Elysian","1478","53639191575"
2025-06-29T01:21:55.273Z,"94","Sir Blocker","Elite Knight","Elysian","1478","53602100909"
2025-06-29T01:21:55.273Z,"95","Razeki","Master Sorcerer","Elysian","1477","53490101111"
2025-06-29T01:21:55.273Z,"96","Acima Bruxao Ceifador","Master Sorcerer","Elysian","1466","52330030827"
2025-06-29T01:21:55.273Z,"97","Kar","Elder Druid","Elysian","1465","52240959511"
2025-06-29T01:21:55.273Z,"98","Japa Paidos Pobres","Elder Druid","Elysian","1459","51619109205"
2025-06-29T01:21:55.273Z,"99","Bellfly","Royal Paladin","Elysian","1458","51527555397"
2025-06-29T01:21:55.273Z,"100","Black Glock","Elite Knight","Elysian","1458","51503099243"
2025-06-29T01:57:08.154Z,"1","Gamesh Odiado","Elder Druid","Elysian","2613","296919977668"
2025-06-29T01:57:08.154Z,"2","Henan Remigio","Royal Paladin","Elysian","2463","248555071794"
2025-06-29T01:57:08.154Z,"3","Evvd","Royal Paladin","Elysian","2384","225433281812"
2025-06-29T01:57:08.154Z,"4","Liam Darkside","Elite Knight","Elysian","2318","207093299410"
2025-06-29T01:57:08.154Z,"5","Henan Corrupto","Master Sorcerer","Elysian","2317","206881896216"
2025-06-29T01:57:08.154Z,"6","Fox Zyn","Elite Knight","Elysian","2299","202065216562"
2025-06-29T01:57:08.154Z,"7","Maath Enterprises","Master Sorcerer","Elysian","2282","197625403053"
2025-06-29T01:57:08.154Z,"8","Son Maki","Master Sorcerer","Elysian","2275","195951844549"
2025-06-29T01:57:08.154Z,"9","Thiisz","Elite Knight","Elysian","2266","193433014696"
2025-06-29T01:57:08.154Z,"10","Suit","Elder Druid","Elysian","2219","181656765801"
2025-06-29T01:57:08.154Z,"11","Henan Corrupt","Elite Knight","Elysian","2189","174444987183"
2025-06-29T01:57:08.154Z,"12","Samu Enterprises","Elder Druid","Elysian","2173","170773316613"
2025-06-29T01:57:08.154Z,"13","Fenz Remains","Royal Paladin","Elysian","2141","163298938553"
2025-06-29T01:57:08.154Z,"14","Kvn Endividado","Elder Druid","Elysian","2119","158270039269"
2025-06-29T01:57:08.154Z,"15","Amaterasu Corrupto","Elite Knight","Elysian","2099","153793872587"
2025-06-29T01:57:08.154Z,"16","Mr Cora","Master Sorcerer","Elysian","2077","148986152014"
2025-06-29T01:57:08.154Z,"17","Carlao Enterprises","Royal Paladin","Elysian","2053","143973817032"
2025-06-29T01:57:08.154Z,"18","Lipaum","Royal Paladin","Elysian","2031","139227359797"
2025-06-29T01:57:08.154Z,"19","Marc Marksman","Royal Paladin","Elysian","2023","137716379981"
2025-06-29T01:57:08.154Z,"20","Tomziin","Elder Druid","Elysian","2013","135559691992"
2025-06-29T01:57:08.154Z,"21","Couto Enterprises","Elite Knight","Elysian","1979","128923374855"
2025-06-29T01:57:08.154Z,"22","Shimanoe Ek","Elite Knight","Elysian","1973","127687650528"
2025-06-29T01:57:08.154Z,"23","Assemblas Corrupto","Master Sorcerer","Elysian","1960","125239087955"
2025-06-29T01:57:08.154Z,"24","Magro Nervoso","Elite Knight","Elysian","1956","124380548245"
2025-06-29T01:57:08.154Z,"25","Javy Imparavel","Master Sorcerer","Elysian","1951","123447008964"
2025-06-29T01:57:08.154Z,"26","Baldish Druid","Elder Druid","Elysian","1930","119579870029"
2025-06-29T01:57:08.154Z,"27","Caiao Sinistro","Elite Knight","Elysian","1925","118535380871"
2025-06-29T01:57:08.154Z,"28","Yan Corrupto","Master Sorcerer","Elysian","1917","117074731474"
2025-06-29T01:57:08.154Z,"29","Homem Aranho","Elite Knight","Elysian","1896","113324326894"
2025-06-29T01:57:08.154Z,"30","Manix Mana","Elder Druid","Elysian","1896","113246516571"
2025-06-29T01:57:08.154Z,"31","Belzebu Sexy","Elder Druid","Elysian","1880","110498468708"
2025-06-29T01:57:08.154Z,"32","Boscato","Royal Paladin","Elysian","1875","109641889336"
2025-06-29T01:57:08.154Z,"33","Be Zin","Master Sorcerer","Elysian","1865","107797821290"
2025-06-29T01:57:08.154Z,"34","Javy Curandeiro","Elder Druid","Elysian","1855","106083423701"
2025-06-29T01:57:08.154Z,"35","Gomez Addams","Royal Paladin","Elysian","1845","104447738237"
2025-06-29T01:57:08.154Z,"36","Super Tonhao","Royal Paladin","Elysian","1845","104379701930"
2025-06-29T01:57:08.154Z,"37","Organismo Torresmo","Master Sorcerer","Elysian","1822","100621850589"
2025-06-29T01:57:08.154Z,"38","Little Corrupto","Royal Paladin","Elysian","1821","100371282793"
2025-06-29T01:57:08.154Z,"39","Sonega","Royal Paladin","Elysian","1807","98129557984"
2025-06-29T01:57:08.154Z,"40","Druid Mastery","Elder Druid","Elysian","1806","97926192132"
2025-06-29T01:57:08.154Z,"41","Lume Nux","Elder Druid","Elysian","1789","95251201919"
2025-06-29T01:57:08.154Z,"42","Jbeto","Elite Knight","Elysian","1789","95240316670"
2025-06-29T01:57:08.154Z,"43","Boromir Perspicaz","Elite Knight","Elysian","1787","94924681036"
2025-06-29T01:57:08.154Z,"44","Sallem Mago","Master Sorcerer","Elysian","1775","93028745845"
2025-06-29T01:57:08.154Z,"45","Kevao","Elite Knight","Elysian","1773","92609136885"
2025-06-29T01:57:08.154Z,"46","Pee Drin","Royal Paladin","Elysian","1752","89454601861"
2025-06-29T01:57:08.154Z,"47","Myth Seeker","Master Sorcerer","Elysian","1752","89337003649"
2025-06-29T01:57:08.154Z,"48","Joaine","Master Sorcerer","Elysian","1751","89292932295"
2025-06-29T01:57:08.154Z,"49","Marlon Knight","Elite Knight","Elysian","1744","88173757148"
2025-06-29T01:57:08.154Z,"50","Valon Thekis","Elder Druid","Elysian","1737","87049112608"
2025-06-29T01:57:08.154Z,"51","Darkness Hunter","Royal Paladin","Elysian","1735","86804437706"
2025-06-29T01:57:08.154Z,"52","Fester Addams","Elite Knight","Elysian","1727","85658957968"
2025-06-29T01:57:08.154Z,"53","Paladina Revoltada","Royal Paladin","Elysian","1706","82474131676"
2025-06-29T01:57:08.154Z,"54","Esperei Tanto","Elite Knight","Elysian","1685","79463207190"
2025-06-29T01:57:08.154Z,"55","Magenta","Master Sorcerer","Elysian","1653","75129020992"
2025-06-29T01:57:08.154Z,"56","Jc King","Royal Paladin","Elysian","1646","74144923140"
2025-06-29T01:57:08.154Z,"57","Aizen Rhain","Elite Knight","Elysian","1632","72242465709"
2025-06-29T01:57:08.154Z,"58","Mixirica Patrocinado","Elder Druid","Elysian","1630","71961034990"
2025-06-29T01:57:08.154Z,"59","Magadi","Master Sorcerer","Elysian","1629","71852604232"
2025-06-29T01:57:08.154Z,"60","Arcanjo Barakiel","Master Sorcerer","Elysian","1627","71535628643"
2025-06-29T01:57:08.154Z,"61","King Anvin","Master Sorcerer","Elysian","1621","70803810178"
2025-06-29T01:57:08.154Z,"62","Marcinho Sensacao","Master Sorcerer","Elysian","1620","70683490818"
2025-06-29T01:57:08.154Z,"63","Czarek Legend","Elite Knight","Elysian","1616","70197546981"
2025-06-29T01:57:08.154Z,"64","Maadruga","Elite Knight","Elysian","1613","69724646930"
2025-06-29T01:57:08.154Z,"65","Topik","Royal Paladin","Elysian","1608","69165414762"
2025-06-29T01:57:08.154Z,"66","Pai Baguncinha","Elite Knight","Elysian","1597","67730181200"
2025-06-29T01:57:08.154Z,"67","Bullettex","Elite Knight","Elysian","1596","67530501474"
2025-06-29T01:57:08.154Z,"68","Cryptz Patrocinado","Elite Knight","Elysian","1587","66394438528"
2025-06-29T01:57:08.154Z,"69","Warumono","Elite Knight","Elysian","1581","65631480641"
2025-06-29T01:57:08.154Z,"70","Big Wollf","Master Sorcerer","Elysian","1574","64770528844"
2025-06-29T01:57:08.154Z,"71","Jef Ftezyk","Elite Knight","Elysian","1558","62823069692"
2025-06-29T01:57:08.154Z,"72","Dolph Midazz","Elite Knight","Elysian","1557","62741764631"
2025-06-29T01:57:08.154Z,"73","Seunomelongoaqui","Master Sorcerer","Elysian","1555","62426359429"
2025-06-29T01:57:08.154Z,"74","Jogas Royal","Royal Paladin","Elysian","1553","62290515310"
2025-06-29T01:57:08.154Z,"75","Elite Tyrra","Elite Knight","Elysian","1541","60808728864"
2025-06-29T01:57:08.154Z,"76","Tigrin","Elder Druid","Elysian","1541","60797143446"
2025-06-29T01:57:08.154Z,"77","Dartheys on Elysian","Royal Paladin","Elysian","1538","60476011914"
2025-06-29T01:57:08.154Z,"78","Pasta De Dente","Royal Paladin","Elysian","1534","59932937214"
2025-06-29T01:57:08.154Z,"79","Kanna","Royal Paladin","Elysian","1529","59405901529"
2025-06-29T01:57:08.154Z,"80","Joon Af","Elite Knight","Elysian","1526","59067829552"
2025-06-29T01:57:08.154Z,"81","Roshak","Royal Paladin","Elysian","1522","58548211618"
2025-06-29T01:57:08.154Z,"82","Ciel","Elite Knight","Elysian","1520","58344929862"
2025-06-29T01:57:08.154Z,"83","Devilnegro","Royal Paladin","Elysian","1517","57999411721"
2025-06-29T01:57:08.154Z,"84","Blackwave","Master Sorcerer","Elysian","1516","57941326644"
2025-06-29T01:57:08.154Z,"85","Khan Miruku","Master Sorcerer","Elysian","1514","57616151594"
2025-06-29T01:57:08.154Z,"86","Hepta","Elder Druid","Elysian","1507","56904789663"
2025-06-29T01:57:08.154Z,"87","Baldish","Royal Paladin","Elysian","1506","56705265901"
2025-06-29T01:57:08.154Z,"88","Mago Do Pantano","Master Sorcerer","Elysian","1504","56520740136"
2025-06-29T01:57:08.154Z,"89","Rusek","Elder Druid","Elysian","1491","55055512154"
2025-06-29T01:57:08.154Z,"90","Stive","Elite Knight","Elysian","1489","54846721895"
2025-06-29T01:57:08.154Z,"91","Skyress","Master Sorcerer","Elysian","1483","54226342700"
2025-06-29T01:57:08.154Z,"92","Rare Cookie","Elder Druid","Elysian","1480","53812435459"
2025-06-29T01:57:08.154Z,"93","Gobzilla","Elite Knight","Elysian","1478","53639191575"
2025-06-29T01:57:08.154Z,"94","Sir Blocker","Elite Knight","Elysian","1478","53602100909"
2025-06-29T01:57:08.154Z,"95","Razeki","Master Sorcerer","Elysian","1477","53490101111"
2025-06-29T01:57:08.154Z,"96","Acima Bruxao Ceifador","Master Sorcerer","Elysian","1466","52330030827"
2025-06-29T01:57:08.154Z,"97","Kar","Elder Druid","Elysian","1465","52240959511"
2025-06-29T01:57:08.154Z,"98","Japa Paidos Pobres","Elder Druid","Elysian","1459","51619109205"
2025-06-29T01:57:08.154Z,"99","Bellfly","Royal Paladin","Elysian","1458","51527555397"
2025-06-29T01:57:08.154Z,"100","Black Glock","Elite Knight","Elysian","1458","51503099243"
